ticket,person_id,person_name,query,date_searched,result,result_summary,sources_returned
T-0462,bates_john_jr,John Bates Jr.,"""John Bates Jr."" Chicago 1835",2026-09-01,found,"The 1843 Chicago directory identifies John Bates Jr. as an auctioneer at 174 Lake Street, independently extending the exact-name and trade match beyond Andreas.",norris_chicago_directory_1843
T-0462,bates_john_jr,John Bates Jr.,"""John Bates Jr."" Illinois 1834 1835",2026-09-01,found,"The 1843 Chicago directory identifies John Bates Jr. as an auctioneer at 174 Lake Street, independently extending the exact-name and trade match beyond Andreas.",norris_chicago_directory_1843
T-0462,bates_john_jr,John Bates Jr.,"""John Bates Jr."" genealogy occupation migration",2026-09-01,found,"The 1843 Chicago directory identifies John Bates Jr. as an auctioneer at 174 Lake Street, independently extending the exact-name and trade match beyond Andreas.",norris_chicago_directory_1843
T-0462,beaubien_jean_baptiste,Col. Jean Baptiste Beaubien,"""Col. Jean Baptiste Beaubien"" Chicago 1835",2026-09-01,found,The United States Supreme Court record says John Baptiste Beaubean of Cook County paid $94.61 on 28 May 1835 for 75.69 acres. It directly supports his Cook County identity and land claim; it does not resolve conflicting retrospective cabin dates.,wilcox_v_jackson_1839
T-0462,beaubien_jean_baptiste,Col. Jean Baptiste Beaubien,"""Col. Jean Baptiste Beaubien"" Illinois 1834 1835",2026-09-01,found,The United States Supreme Court record says John Baptiste Beaubean of Cook County paid $94.61 on 28 May 1835 for 75.69 acres. It directly supports his Cook County identity and land claim; it does not resolve conflicting retrospective cabin dates.,wilcox_v_jackson_1839
T-0462,beaubien_jean_baptiste,Col. Jean Baptiste Beaubien,"""Col. Jean Baptiste Beaubien"" genealogy occupation migration",2026-09-01,found,The United States Supreme Court record says John Baptiste Beaubean of Cook County paid $94.61 on 28 May 1835 for 75.69 acres. It directly supports his Cook County identity and land claim; it does not resolve conflicting retrospective cabin dates.,wilcox_v_jackson_1839
T-0462,beaubien_josette,Josette LaFramboise Beaubien,"""Josette LaFramboise Beaubien"" Chicago 1835",2026-09-01,found,Citizen Potawatomi Nation identifies Josette LaFromboise as Francis LaFromboise's daughter and Jean Baptiste Beaubien's wife. The relationship is corroborated; her exact roof on 1 July 1835 remains inferred.,cpn_beaubien_family
T-0462,beaubien_josette,Josette LaFramboise Beaubien,"""Josette LaFramboise Beaubien"" Illinois 1834 1835",2026-09-01,found,Citizen Potawatomi Nation identifies Josette LaFromboise as Francis LaFromboise's daughter and Jean Baptiste Beaubien's wife. The relationship is corroborated; her exact roof on 1 July 1835 remains inferred.,cpn_beaubien_family
T-0462,beaubien_josette,Josette LaFramboise Beaubien,"""Josette LaFramboise Beaubien"" genealogy occupation migration",2026-09-01,found,Citizen Potawatomi Nation identifies Josette LaFromboise as Francis LaFromboise's daughter and Jean Baptiste Beaubien's wife. The relationship is corroborated; her exact roof on 1 July 1835 remains inferred.,cpn_beaubien_family
T-0462,beaubien_madore,Madore Benjamin Beaubien,"""Madore Benjamin Beaubien"" Chicago 1835",2026-09-01,found,Citizen Potawatomi Nation identifies Madore as the 1809 son of Jean Baptiste Beaubien and Mahnawbunokwe and describes his later interpreting work. A tree-only marriage lead was not imported.,cpn_madore_beaubien
T-0462,beaubien_madore,Madore Benjamin Beaubien,"""Madore Benjamin Beaubien"" Illinois 1834 1835",2026-09-01,found,Citizen Potawatomi Nation identifies Madore as the 1809 son of Jean Baptiste Beaubien and Mahnawbunokwe and describes his later interpreting work. A tree-only marriage lead was not imported.,cpn_madore_beaubien
T-0462,beaubien_madore,Madore Benjamin Beaubien,"""Madore Benjamin Beaubien"" genealogy occupation migration",2026-09-01,found,Citizen Potawatomi Nation identifies Madore as the 1809 son of Jean Baptiste Beaubien and Mahnawbunokwe and describes his later interpreting work. A tree-only marriage lead was not imported.,cpn_madore_beaubien
T-0462,beaubien_mark,Mark Beaubien,"""Mark Beaubien"" Chicago 1835",2026-09-01,found,Chicago History Museum's encyclopedia independently gives Mark Beaubien's 1826 arrival from Detroit and merchant and tavern roles. It strengthens the biography but does not establish his exact 1835 roof.,encyclopedia_chicago_mark_beaubien
T-0462,beaubien_mark,Mark Beaubien,"""Mark Beaubien"" Illinois 1834 1835",2026-09-01,found,Chicago History Museum's encyclopedia independently gives Mark Beaubien's 1826 arrival from Detroit and merchant and tavern roles. It strengthens the biography but does not establish his exact 1835 roof.,encyclopedia_chicago_mark_beaubien
T-0462,beaubien_mark,Mark Beaubien,"""Mark Beaubien"" genealogy occupation migration",2026-09-01,found,Chicago History Museum's encyclopedia independently gives Mark Beaubien's 1826 arrival from Detroit and merchant and tavern roles. It strengthens the biography but does not establish his exact 1835 roof.,encyclopedia_chicago_mark_beaubien
T-0462,caldwell_billy,Billy Caldwell (Sauganash),"""Billy Caldwell (Sauganash)"" Chicago 1835",2026-09-01,found,Institutional histories corroborate Billy Caldwell's Chicago leadership and place the westward removal in 1835. This conflicts with Andreas/project language placing migration in 1836 and is retained as a dated conflict.,encyclopedia_chicago_potawatomis
T-0462,caldwell_billy,Billy Caldwell (Sauganash),"""Billy Caldwell (Sauganash)"" Illinois 1834 1835",2026-09-01,found,Institutional histories corroborate Billy Caldwell's Chicago leadership and place the westward removal in 1835. This conflicts with Andreas/project language placing migration in 1836 and is retained as a dated conflict.,encyclopedia_chicago_potawatomis
T-0462,caldwell_billy,Billy Caldwell (Sauganash),"""Billy Caldwell (Sauganash)"" genealogy occupation migration",2026-09-01,found,Institutional histories corroborate Billy Caldwell's Chicago leadership and place the westward removal in 1835. This conflicts with Andreas/project language placing migration in 1836 and is retained as a dated conflict.,encyclopedia_chicago_potawatomis
T-0462,calhoun_john,John Calhoun,"""John Calhoun"" Chicago 1835",2026-09-01,found,The Encyclopedia of Chicago independently identifies John Calhoun as founder of the Chicago Weekly Democrat in 1833 and operator of the city's earliest press.,encyclopedia_chicago_newspapers
T-0462,calhoun_john,John Calhoun,"""John Calhoun"" Illinois 1834 1835",2026-09-01,found,The Encyclopedia of Chicago independently identifies John Calhoun as founder of the Chicago Weekly Democrat in 1833 and operator of the city's earliest press.,encyclopedia_chicago_newspapers
T-0462,calhoun_john,John Calhoun,"""John Calhoun"" genealogy occupation migration",2026-09-01,found,The Encyclopedia of Chicago independently identifies John Calhoun as founder of the Chicago Weekly Democrat in 1833 and operator of the city's earliest press.,encyclopedia_chicago_newspapers
T-0462,clybourne_archibald,Archibald Clybourne,"""Archibald Clybourne"" Chicago 1835",2026-09-01,found,"The Encyclopedia of Chicago places Clybourn's slaughterhouse at the city limits from 1827 and describes his 1830s door-to-door meat trade, corroborating occupation while preserving its outside-town location.",encyclopedia_chicago_food_processing
T-0462,clybourne_archibald,Archibald Clybourne,"""Archibald Clybourne"" Illinois 1834 1835",2026-09-01,found,"The Encyclopedia of Chicago places Clybourn's slaughterhouse at the city limits from 1827 and describes his 1830s door-to-door meat trade, corroborating occupation while preserving its outside-town location.",encyclopedia_chicago_food_processing
T-0462,clybourne_archibald,Archibald Clybourne,"""Archibald Clybourne"" genealogy occupation migration",2026-09-01,found,"The Encyclopedia of Chicago places Clybourn's slaughterhouse at the city limits from 1827 and describes his 1830s door-to-door meat trade, corroborating occupation while preserving its outside-town location.",encyclopedia_chicago_food_processing
T-0462,couch_ira,Ira Couch,"""Ira Couch"" Chicago 1835",2026-09-01,found,"Chicago History Museum and WTTW independently connect Ira Couch to the Tremont House. Later summaries differ on when management began, so Andreas's earlier 1834 evidence remains qualified rather than replaced.",chm_ira_couch_portrait; wttw_ira_couch
T-0462,couch_ira,Ira Couch,"""Ira Couch"" Illinois 1834 1835",2026-09-01,found,"Chicago History Museum and WTTW independently connect Ira Couch to the Tremont House. Later summaries differ on when management began, so Andreas's earlier 1834 evidence remains qualified rather than replaced.",chm_ira_couch_portrait; wttw_ira_couch
T-0462,couch_ira,Ira Couch,"""Ira Couch"" genealogy occupation migration",2026-09-01,found,"Chicago History Museum and WTTW independently connect Ira Couch to the Tremont House. Later summaries differ on when management began, so Andreas's earlier 1834 evidence remains qualified rather than replaced.",chm_ira_couch_portrait; wttw_ira_couch
T-0462,hamilton_richard_j,Richard Jones Hamilton,"""Richard Jones Hamilton"" Chicago 1835",2026-09-01,found,"A digitized Cook County history identifies Richard Jones Hamilton as clerk and recorder from county organization in 1831 and later probate judge, treasurer and school commissioner.",goodman_history_cook_county_hamilton
T-0462,hamilton_richard_j,Richard Jones Hamilton,"""Richard Jones Hamilton"" Illinois 1834 1835",2026-09-01,found,"A digitized Cook County history identifies Richard Jones Hamilton as clerk and recorder from county organization in 1831 and later probate judge, treasurer and school commissioner.",goodman_history_cook_county_hamilton
T-0462,hamilton_richard_j,Richard Jones Hamilton,"""Richard Jones Hamilton"" genealogy occupation migration",2026-09-01,found,"A digitized Cook County history identifies Richard Jones Hamilton as clerk and recorder from county organization in 1831 and later probate judge, treasurer and school commissioner.",goodman_history_cook_county_hamilton
T-0462,hogan_john_s_c,John S. C. Hogan,"""John S. C. Hogan"" Chicago 1835",2026-09-01,found,"The edited 1835 Illinois incorporation act names John S. C. Hogan as a Chicago corporate trustee. The exact unusual initials, office, place and date independently resolve the identity.",pal_chicago_incorporation_1835
T-0462,hogan_john_s_c,John S. C. Hogan,"""John S. C. Hogan"" Illinois 1834 1835",2026-09-01,found,"The edited 1835 Illinois incorporation act names John S. C. Hogan as a Chicago corporate trustee. The exact unusual initials, office, place and date independently resolve the identity.",pal_chicago_incorporation_1835
T-0462,hogan_john_s_c,John S. C. Hogan,"""John S. C. Hogan"" genealogy occupation migration",2026-09-01,found,"The edited 1835 Illinois incorporation act names John S. C. Hogan as a Chicago corporate trustee. The exact unusual initials, office, place and date independently resolve the identity.",pal_chicago_incorporation_1835
T-0462,kinzie_john_h,John Harris Kinzie,"""John Harris Kinzie"" Chicago 1835",2026-09-01,found,"The Papers of Abraham Lincoln records John Harris Kinzie's 1829 Winnebago agency appointment, permanent Chicago settlement in 1834 and village presidency.",pal_john_harris_kinzie
T-0462,kinzie_john_h,John Harris Kinzie,"""John Harris Kinzie"" Illinois 1834 1835",2026-09-01,found,"The Papers of Abraham Lincoln records John Harris Kinzie's 1829 Winnebago agency appointment, permanent Chicago settlement in 1834 and village presidency.",pal_john_harris_kinzie
T-0462,kinzie_john_h,John Harris Kinzie,"""John Harris Kinzie"" genealogy occupation migration",2026-09-01,found,"The Papers of Abraham Lincoln records John Harris Kinzie's 1829 Winnebago agency appointment, permanent Chicago settlement in 1834 and village presidency.",pal_john_harris_kinzie
T-0462,kinzie_juliette,Juliette Augusta Magill Kinzie,"""Juliette Augusta Magill Kinzie"" Chicago 1835",2026-09-01,found,Wisconsin Historical Society identifies the Fort Winnebago agency house as John and Juliette Kinzie's 1830–33 residence and corroborates her authorship of Wau-Bun.,whs_kinzie_agency_house
T-0462,kinzie_juliette,Juliette Augusta Magill Kinzie,"""Juliette Augusta Magill Kinzie"" Illinois 1834 1835",2026-09-01,found,Wisconsin Historical Society identifies the Fort Winnebago agency house as John and Juliette Kinzie's 1830–33 residence and corroborates her authorship of Wau-Bun.,whs_kinzie_agency_house
T-0462,kinzie_juliette,Juliette Augusta Magill Kinzie,"""Juliette Augusta Magill Kinzie"" genealogy occupation migration",2026-09-01,found,Wisconsin Historical Society identifies the Fort Winnebago agency house as John and Juliette Kinzie's 1830–33 residence and corroborates her authorship of Wau-Bun.,whs_kinzie_agency_house
T-0462,robinson_alexander,Alexander Robinson (Che-che-pin-qua),"""Alexander Robinson (Che-che-pin-qua)"" Chicago 1835",2026-09-01,found,The 1833 treaty and Indigenous Chicago corroborate Alexander Robinson's treaty and trading roles and Des Plaines reserve. Current scholarship conflicts with the household's doubtful 1762 birth and by-1816 arrival; exact Wolf Point presence remains inferred.,treaty_chicago_1833_statutes; indigenous_chicago_alexander_robinson
T-0462,robinson_alexander,Alexander Robinson (Che-che-pin-qua),"""Alexander Robinson (Che-che-pin-qua)"" Illinois 1834 1835",2026-09-01,found,The 1833 treaty and Indigenous Chicago corroborate Alexander Robinson's treaty and trading roles and Des Plaines reserve. Current scholarship conflicts with the household's doubtful 1762 birth and by-1816 arrival; exact Wolf Point presence remains inferred.,treaty_chicago_1833_statutes; indigenous_chicago_alexander_robinson
T-0462,robinson_alexander,Alexander Robinson (Che-che-pin-qua),"""Alexander Robinson (Che-che-pin-qua)"" genealogy occupation migration",2026-09-01,found,The 1833 treaty and Indigenous Chicago corroborate Alexander Robinson's treaty and trading roles and Des Plaines reserve. Current scholarship conflicts with the household's doubtful 1762 birth and by-1816 arrival; exact Wolf Point presence remains inferred.,treaty_chicago_1833_statutes; indigenous_chicago_alexander_robinson
T-0462,robinson_catherine,Catherine Chevalier Robinson,"""Catherine Chevalier Robinson"" Chicago 1835",2026-09-01,found,"Indigenous Chicago identifies Catherine Chevalier as Robinson's Potawatomi wife, married in 1826, and records her parents and grandfather. These relationships are used because sourced, not inferred from names.",indigenous_chicago_alexander_robinson
T-0462,robinson_catherine,Catherine Chevalier Robinson,"""Catherine Chevalier Robinson"" Illinois 1834 1835",2026-09-01,found,"Indigenous Chicago identifies Catherine Chevalier as Robinson's Potawatomi wife, married in 1826, and records her parents and grandfather. These relationships are used because sourced, not inferred from names.",indigenous_chicago_alexander_robinson
T-0462,robinson_catherine,Catherine Chevalier Robinson,"""Catherine Chevalier Robinson"" genealogy occupation migration",2026-09-01,found,"Indigenous Chicago identifies Catherine Chevalier as Robinson's Potawatomi wife, married in 1826, and records her parents and grandfather. These relationships are used because sourced, not inferred from names.",indigenous_chicago_alexander_robinson
T-0462,owen_thomas_jv,Thomas Jefferson Vance Owen,"""Thomas Jefferson Vance Owen"" Chicago 1835",2026-09-01,found,A primary Abraham Lincoln payment record attests Owen's Chicago house; institutional papers and a county biography identify wife Emeline Hotchkiss and four sons. The sources do not fix their address or occupancy on the scene date.,pal_thomas_owen_house; chm_thomas_owen_papers
T-0462,owen_thomas_jv,Thomas Jefferson Vance Owen,"""Thomas Jefferson Vance Owen"" Illinois 1834 1835",2026-09-01,found,A primary Abraham Lincoln payment record attests Owen's Chicago house; institutional papers and a county biography identify wife Emeline Hotchkiss and four sons. The sources do not fix their address or occupancy on the scene date.,pal_thomas_owen_house; chm_thomas_owen_papers
T-0462,owen_thomas_jv,Thomas Jefferson Vance Owen,"""Thomas Jefferson Vance Owen"" genealogy occupation migration",2026-09-01,found,A primary Abraham Lincoln payment record attests Owen's Chicago house; institutional papers and a county biography identify wife Emeline Hotchkiss and four sons. The sources do not fix their address or occupancy on the scene date.,pal_thomas_owen_house; chm_thomas_owen_papers
T-0462,pearsons_hiram,Hiram Pearsons,"""Hiram Pearsons"" Chicago 1835",2026-09-01,found,A contemporary reminiscence describes Pearsons as a house painter who entered real estate. This corrects the household's unsupported treatment of speculator as attested: house painter is sourced; investor or speculator is interpretive.,ingale_early_chicago_reminiscence
T-0462,pearsons_hiram,Hiram Pearsons,"""Hiram Pearsons"" Illinois 1834 1835",2026-09-01,found,A contemporary reminiscence describes Pearsons as a house painter who entered real estate. This corrects the household's unsupported treatment of speculator as attested: house painter is sourced; investor or speculator is interpretive.,ingale_early_chicago_reminiscence
T-0462,pearsons_hiram,Hiram Pearsons,"""Hiram Pearsons"" genealogy occupation migration",2026-09-01,found,A contemporary reminiscence describes Pearsons as a house painter who entered real estate. This corrects the household's unsupported treatment of speculator as attested: house painter is sourced; investor or speculator is interpretive.,ingale_early_chicago_reminiscence
T-0462,peck_philip,Philip F. W. Peck,"""Philip F. W. Peck"" Chicago 1835",2026-09-01,found,Chicago History Museum's encyclopedia and period histories identify Philip F. W. Peck as a Providence-born merchant and real-estate developer arriving in July 1831. Spelling varies Phillip/Philip.,encyclopedia_chicago_biographical_p
T-0462,peck_philip,Philip F. W. Peck,"""Philip F. W. Peck"" Illinois 1834 1835",2026-09-01,found,Chicago History Museum's encyclopedia and period histories identify Philip F. W. Peck as a Providence-born merchant and real-estate developer arriving in July 1831. Spelling varies Phillip/Philip.,encyclopedia_chicago_biographical_p
T-0462,peck_philip,Philip F. W. Peck,"""Philip F. W. Peck"" genealogy occupation migration",2026-09-01,found,Chicago History Museum's encyclopedia and period histories identify Philip F. W. Peck as a Providence-born merchant and real-estate developer arriving in July 1831. Spelling varies Phillip/Philip.,encyclopedia_chicago_biographical_p
T-0462,porter_jeremiah,Rev. Jeremiah Porter,"""Rev. Jeremiah Porter"" Chicago 1835",2026-09-01,found,Presbyterian Historical Society corroborates Porter's 1833 Chicago mission and church organization; a Rochester notice records his 15 June 1835 marriage to Eliza Chappel. Their 1 July whereabouts remain uncertain.,presbyterian_history_jeremiah_porter; rochester_porter_chappel_marriage
T-0462,porter_jeremiah,Rev. Jeremiah Porter,"""Rev. Jeremiah Porter"" Illinois 1834 1835",2026-09-01,found,Presbyterian Historical Society corroborates Porter's 1833 Chicago mission and church organization; a Rochester notice records his 15 June 1835 marriage to Eliza Chappel. Their 1 July whereabouts remain uncertain.,presbyterian_history_jeremiah_porter; rochester_porter_chappel_marriage
T-0462,porter_jeremiah,Rev. Jeremiah Porter,"""Rev. Jeremiah Porter"" genealogy occupation migration",2026-09-01,found,Presbyterian Historical Society corroborates Porter's 1833 Chicago mission and church organization; a Rochester notice records his 15 June 1835 marriage to Eliza Chappel. Their 1 July whereabouts remain uncertain.,presbyterian_history_jeremiah_porter; rochester_porter_chappel_marriage
T-0462,porter_eliza_chappel,Eliza Chappel Porter,"""Eliza Chappel Porter"" Chicago 1835",2026-09-01,found,Chicago Historical Society and school records corroborate Eliza Chappel's publicly funded school work and 1835 marriage. The separate 'Eliza Mir Chappel' letter record is a merge candidate pending inspection of the original column.,chm_eliza_chappel; rochester_porter_chappel_marriage
T-0462,porter_eliza_chappel,Eliza Chappel Porter,"""Eliza Chappel Porter"" Illinois 1834 1835",2026-09-01,found,Chicago Historical Society and school records corroborate Eliza Chappel's publicly funded school work and 1835 marriage. The separate 'Eliza Mir Chappel' letter record is a merge candidate pending inspection of the original column.,chm_eliza_chappel; rochester_porter_chappel_marriage
T-0462,porter_eliza_chappel,Eliza Chappel Porter,"""Eliza Chappel Porter"" genealogy occupation migration",2026-09-01,found,Chicago Historical Society and school records corroborate Eliza Chappel's publicly funded school work and 1835 marriage. The separate 'Eliza Mir Chappel' letter record is a merge candidate pending inspection of the original column.,chm_eliza_chappel; rochester_porter_chappel_marriage
T-0462,snow_george_w,George W. Snow,"""George W. Snow"" Chicago 1835",2026-09-01,found,Chicago Historical Society records Snow's December 1833 election as assessor and surveyor. Its memorial attribution of balloon framing conflicts with the Encyclopedia of Chicago's description of that attribution as a popular myth.,chm_george_snow_assessor; encyclopedia_chicago_balloon_frame
T-0462,snow_george_w,George W. Snow,"""George W. Snow"" Illinois 1834 1835",2026-09-01,found,Chicago Historical Society records Snow's December 1833 election as assessor and surveyor. Its memorial attribution of balloon framing conflicts with the Encyclopedia of Chicago's description of that attribution as a popular myth.,chm_george_snow_assessor; encyclopedia_chicago_balloon_frame
T-0462,snow_george_w,George W. Snow,"""George W. Snow"" genealogy occupation migration",2026-09-01,found,Chicago Historical Society records Snow's December 1833 election as assessor and surveyor. Its memorial attribution of balloon framing conflicts with the Encyclopedia of Chicago's description of that attribution as a popular myth.,chm_george_snow_assessor; encyclopedia_chicago_balloon_frame
T-0462,spring_giles,Giles Spring,"""Giles Spring"" Chicago 1835",2026-09-01,found,"The Papers of Abraham Lincoln gives Spring's relocation to Chicago in June 1833, Franklin and South Water law office, 1836 partnership and marriage, improving the household's year-only arrival.",pal_giles_spring
T-0462,spring_giles,Giles Spring,"""Giles Spring"" Illinois 1834 1835",2026-09-01,found,"The Papers of Abraham Lincoln gives Spring's relocation to Chicago in June 1833, Franklin and South Water law office, 1836 partnership and marriage, improving the household's year-only arrival.",pal_giles_spring
T-0462,spring_giles,Giles Spring,"""Giles Spring"" genealogy occupation migration",2026-09-01,found,"The Papers of Abraham Lincoln gives Spring's relocation to Chicago in June 1833, Franklin and South Water law office, 1836 partnership and marriage, improving the household's year-only arrival.",pal_giles_spring
T-0462,taylor_augustine,Augustine Deodat Taylor,"""Augustine Deodat Taylor"" Chicago 1835",2026-09-01,found,"Chicago History Museum identifies Augustine Deodat Taylor as designer and builder of St. Mary's in 1833 using balloon-frame construction, while keeping him distinct from brother Anson who hauled lumber.",encyclopedia_chicago_church_architecture
T-0462,taylor_augustine,Augustine Deodat Taylor,"""Augustine Deodat Taylor"" Illinois 1834 1835",2026-09-01,found,"Chicago History Museum identifies Augustine Deodat Taylor as designer and builder of St. Mary's in 1833 using balloon-frame construction, while keeping him distinct from brother Anson who hauled lumber.",encyclopedia_chicago_church_architecture
T-0462,taylor_augustine,Augustine Deodat Taylor,"""Augustine Deodat Taylor"" genealogy occupation migration",2026-09-01,found,"Chicago History Museum identifies Augustine Deodat Taylor as designer and builder of St. Mary's in 1833 using balloon-frame construction, while keeping him distinct from brother Anson who hauled lumber.",encyclopedia_chicago_church_architecture
T-0462,temple_john_t,Dr John Taylor Temple,"""Dr John Taylor Temple"" Chicago 1835",2026-09-01,found,"A municipal preservation study corroborates Temple's July 1833 arrival with wife and four children and his mail contract, but gives dwelling and office locations that conflict with the household. Addresses remain unresolved.",plainfield_john_temple_report
T-0462,temple_john_t,Dr John Taylor Temple,"""Dr John Taylor Temple"" Illinois 1834 1835",2026-09-01,found,"A municipal preservation study corroborates Temple's July 1833 arrival with wife and four children and his mail contract, but gives dwelling and office locations that conflict with the household. Addresses remain unresolved.",plainfield_john_temple_report
T-0462,temple_john_t,Dr John Taylor Temple,"""Dr John Taylor Temple"" genealogy occupation migration",2026-09-01,found,"A municipal preservation study corroborates Temple's July 1833 arrival with wife and four children and his mail contract, but gives dwelling and office locations that conflict with the household. Addresses remain unresolved.",plainfield_john_temple_report
T-0462,wright_john,John Wright,"""John Wright"" Chicago 1835",2026-09-01,found,Chicago Public Library distinguishes storekeeper John Wright from son John Stephen and dates their joint arrival with merchandise to 29 October 1832 and Prairie Store at Lake and Clark.,cpl_john_s_wright_papers
T-0462,wright_john,John Wright,"""John Wright"" Illinois 1834 1835",2026-09-01,found,Chicago Public Library distinguishes storekeeper John Wright from son John Stephen and dates their joint arrival with merchandise to 29 October 1832 and Prairie Store at Lake and Clark.,cpl_john_s_wright_papers
T-0462,wright_john,John Wright,"""John Wright"" genealogy occupation migration",2026-09-01,found,Chicago Public Library distinguishes storekeeper John Wright from son John Stephen and dates their joint arrival with merchandise to 29 October 1832 and Prairie Store at Lake and Clark.,cpl_john_s_wright_papers
T-0462,bailly_joseph,Joseph Bailly,"""Joseph Bailly"" Chicago 1835",2026-09-01,found,"Honoré Gratien Joseph Bailly de Messein is a strong regional candidate, but lived at his Porter County homestead and died there in December 1835. A Chicago letter may reflect transit, not residence.",nps_bailly_homestead
T-0462,bailly_joseph,Joseph Bailly,"""Joseph Bailly"" Illinois 1834 1835",2026-09-01,found,"Honoré Gratien Joseph Bailly de Messein is a strong regional candidate, but lived at his Porter County homestead and died there in December 1835. A Chicago letter may reflect transit, not residence.",nps_bailly_homestead
T-0462,bailly_joseph,Joseph Bailly,"""Joseph Bailly"" genealogy occupation migration",2026-09-01,found,"Honoré Gratien Joseph Bailly de Messein is a strong regional candidate, but lived at his Porter County homestead and died there in December 1835. A Chicago letter may reflect transit, not residence.",nps_bailly_homestead
T-0462,chappel_eliza_mir,Eliza Mir Chappel,"""Eliza Mir Chappel"" Chicago 1835",2026-09-01,found,"The entry is a near-certain duplicate of Eliza Chappel Porter: Mir likely misreads Miss, and the letter appeared 16 days after her marriage. It is not merged until the original scan is inspected.",rochester_porter_chappel_marriage; chm_eliza_chappel
T-0462,chappel_eliza_mir,Eliza Mir Chappel,"""Eliza Mir Chappel"" Illinois 1834 1835",2026-09-01,found,"The entry is a near-certain duplicate of Eliza Chappel Porter: Mir likely misreads Miss, and the letter appeared 16 days after her marriage. It is not merged until the original scan is inspected.",rochester_porter_chappel_marriage; chm_eliza_chappel
T-0462,chappel_eliza_mir,Eliza Mir Chappel,"""Eliza Mir Chappel"" genealogy occupation migration",2026-09-01,found,"The entry is a near-certain duplicate of Eliza Chappel Porter: Mir likely misreads Miss, and the letter appeared 16 days after her marriage. It is not merged until the original scan is inspected.",rochester_porter_chappel_marriage; chm_eliza_chappel
T-0462,dement_wm,Wm. Dement,"""Wm. Dement"" Chicago 1835",2026-09-01,no result,"No reliable record found in the reviewed contemporary, institutional, local-history and index searches could be tied to this person by more than the recorded name. This is a documented no-find, not evidence that the person did not exist.",
T-0462,dement_wm,Wm. Dement,"""Wm. Dement"" Illinois 1834 1835",2026-09-01,no result,"No reliable record found in the reviewed contemporary, institutional, local-history and index searches could be tied to this person by more than the recorded name. This is a documented no-find, not evidence that the person did not exist.",
T-0462,dement_wm,Wm. Dement,"""Wm. Dement"" genealogy occupation migration",2026-09-01,no result,"No reliable record found in the reviewed contemporary, institutional, local-history and index searches could be tied to this person by more than the recorded name. This is a documented no-find, not evidence that the person did not exist.",
T-0462,curtenius_fredk,Fred'k. Curtenius,"""Fred'k. Curtenius"" Chicago 1835",2026-09-01,found,Frederick William Curtenius is a possible candidate who moved to Michigan and farmed at Grand Prairie in 1835. The middle initial conflicts and no Chicago bridge was found.,michigan_frederick_curtenius
T-0462,curtenius_fredk,Fred'k. Curtenius,"""Fred'k. Curtenius"" Illinois 1834 1835",2026-09-01,found,Frederick William Curtenius is a possible candidate who moved to Michigan and farmed at Grand Prairie in 1835. The middle initial conflicts and no Chicago bridge was found.,michigan_frederick_curtenius
T-0462,curtenius_fredk,Fred'k. Curtenius,"""Fred'k. Curtenius"" genealogy occupation migration",2026-09-01,found,Frederick William Curtenius is a possible candidate who moved to Michigan and farmed at Grand Prairie in 1835. The middle initial conflicts and no Chicago bridge was found.,michigan_frederick_curtenius
T-0462,avery_charles,Charles Avery,"""Charles Avery"" Chicago 1835",2026-09-01,no result,"No reliable record found in the reviewed contemporary, institutional, local-history and index searches could be tied to this person by more than the recorded name. This is a documented no-find, not evidence that the person did not exist.",
T-0462,avery_charles,Charles Avery,"""Charles Avery"" Illinois 1834 1835",2026-09-01,no result,"No reliable record found in the reviewed contemporary, institutional, local-history and index searches could be tied to this person by more than the recorded name. This is a documented no-find, not evidence that the person did not exist.",
T-0462,avery_charles,Charles Avery,"""Charles Avery"" genealogy occupation migration",2026-09-01,no result,"No reliable record found in the reviewed contemporary, institutional, local-history and index searches could be tied to this person by more than the recorded name. This is a documented no-find, not evidence that the person did not exist.",
T-0462,bemis_samuel_c,Samuel C Bemis,"""Samuel C Bemis"" Chicago 1835",2026-09-01,no result,"No reliable record found in the reviewed contemporary, institutional, local-history and index searches could be tied to this person by more than the recorded name. This is a documented no-find, not evidence that the person did not exist.",
T-0462,bemis_samuel_c,Samuel C Bemis,"""Samuel C Bemis"" Illinois 1834 1835",2026-09-01,no result,"No reliable record found in the reviewed contemporary, institutional, local-history and index searches could be tied to this person by more than the recorded name. This is a documented no-find, not evidence that the person did not exist.",
T-0462,bemis_samuel_c,Samuel C Bemis,"""Samuel C Bemis"" genealogy occupation migration",2026-09-01,no result,"No reliable record found in the reviewed contemporary, institutional, local-history and index searches could be tied to this person by more than the recorded name. This is a documented no-find, not evidence that the person did not exist.",
T-0462,blood_amos,Amos Blood,"""Amos Blood"" Chicago 1835",2026-09-01,no result,"No reliable record found in the reviewed contemporary, institutional, local-history and index searches could be tied to this person by more than the recorded name. This is a documented no-find, not evidence that the person did not exist.",
T-0462,blood_amos,Amos Blood,"""Amos Blood"" Illinois 1834 1835",2026-09-01,no result,"No reliable record found in the reviewed contemporary, institutional, local-history and index searches could be tied to this person by more than the recorded name. This is a documented no-find, not evidence that the person did not exist.",
T-0462,blood_amos,Amos Blood,"""Amos Blood"" genealogy occupation migration",2026-09-01,no result,"No reliable record found in the reviewed contemporary, institutional, local-history and index searches could be tied to this person by more than the recorded name. This is a documented no-find, not evidence that the person did not exist.",
T-0462,boardman_elect,Elect Boardman,"""Elect Boardman"" Chicago 1835",2026-09-01,no result,"No reliable record found in the reviewed contemporary, institutional, local-history and index searches could be tied to this person by more than the recorded name. This is a documented no-find, not evidence that the person did not exist.",
T-0462,boardman_elect,Elect Boardman,"""Elect Boardman"" Illinois 1834 1835",2026-09-01,no result,"No reliable record found in the reviewed contemporary, institutional, local-history and index searches could be tied to this person by more than the recorded name. This is a documented no-find, not evidence that the person did not exist.",
T-0462,boardman_elect,Elect Boardman,"""Elect Boardman"" genealogy occupation migration",2026-09-01,no result,"No reliable record found in the reviewed contemporary, institutional, local-history and index searches could be tied to this person by more than the recorded name. This is a documented no-find, not evidence that the person did not exist.",
T-0462,bostwick_e_b,E. B. Bostwick,"""E. B. Bostwick"" Chicago 1835",2026-09-01,no result,"No reliable record found in the reviewed contemporary, institutional, local-history and index searches could be tied to this person by more than the recorded name. This is a documented no-find, not evidence that the person did not exist.",
T-0462,bostwick_e_b,E. B. Bostwick,"""E. B. Bostwick"" Illinois 1834 1835",2026-09-01,no result,"No reliable record found in the reviewed contemporary, institutional, local-history and index searches could be tied to this person by more than the recorded name. This is a documented no-find, not evidence that the person did not exist.",
T-0462,bostwick_e_b,E. B. Bostwick,"""E. B. Bostwick"" genealogy occupation migration",2026-09-01,no result,"No reliable record found in the reviewed contemporary, institutional, local-history and index searches could be tied to this person by more than the recorded name. This is a documented no-find, not evidence that the person did not exist.",
T-0462,bradstreet_j_p,J. P Bradstreet,"""J. P Bradstreet"" Chicago 1835",2026-09-01,no result,"No reliable record found in the reviewed contemporary, institutional, local-history and index searches could be tied to this person by more than the recorded name. This is a documented no-find, not evidence that the person did not exist.",
T-0462,bradstreet_j_p,J. P Bradstreet,"""J. P Bradstreet"" Illinois 1834 1835",2026-09-01,no result,"No reliable record found in the reviewed contemporary, institutional, local-history and index searches could be tied to this person by more than the recorded name. This is a documented no-find, not evidence that the person did not exist.",
T-0462,bradstreet_j_p,J. P Bradstreet,"""J. P Bradstreet"" genealogy occupation migration",2026-09-01,no result,"No reliable record found in the reviewed contemporary, institutional, local-history and index searches could be tied to this person by more than the recorded name. This is a documented no-find, not evidence that the person did not exist.",
T-0462,brooks_gardner,Gardner Brooks,"""Gardner Brooks"" Chicago 1835",2026-09-01,found,"A Des Plaines history places Gardner Brooks among settlers along the river in 1833. Exact uncommon name, Cook County and chronology are useful, but no record links him to this letter.",desplaines_gardner_brooks
T-0462,brooks_gardner,Gardner Brooks,"""Gardner Brooks"" Illinois 1834 1835",2026-09-01,found,"A Des Plaines history places Gardner Brooks among settlers along the river in 1833. Exact uncommon name, Cook County and chronology are useful, but no record links him to this letter.",desplaines_gardner_brooks
T-0462,brooks_gardner,Gardner Brooks,"""Gardner Brooks"" genealogy occupation migration",2026-09-01,found,"A Des Plaines history places Gardner Brooks among settlers along the river in 1833. Exact uncommon name, Cook County and chronology are useful, but no record links him to this letter.",desplaines_gardner_brooks
T-0462,brush_matthias,Matthias Brush,"""Matthias Brush"" Chicago 1835",2026-09-01,no result,"No reliable record found in the reviewed contemporary, institutional, local-history and index searches could be tied to this person by more than the recorded name. This is a documented no-find, not evidence that the person did not exist.",
T-0462,brush_matthias,Matthias Brush,"""Matthias Brush"" Illinois 1834 1835",2026-09-01,no result,"No reliable record found in the reviewed contemporary, institutional, local-history and index searches could be tied to this person by more than the recorded name. This is a documented no-find, not evidence that the person did not exist.",
T-0462,brush_matthias,Matthias Brush,"""Matthias Brush"" genealogy occupation migration",2026-09-01,no result,"No reliable record found in the reviewed contemporary, institutional, local-history and index searches could be tied to this person by more than the recorded name. This is a documented no-find, not evidence that the person did not exist.",
T-0462,burdick_paul,Paul Burdick,"""Paul Burdick"" Chicago 1835",2026-09-01,found,"Milwaukee history says Paul Burdick occupied a frame house raised there in March 1835. Exact name and date make a regional candidate, while Milwaukee residence conflicts with physical Chicago presence.",buck_pioneer_milwaukee
T-0462,burdick_paul,Paul Burdick,"""Paul Burdick"" Illinois 1834 1835",2026-09-01,found,"Milwaukee history says Paul Burdick occupied a frame house raised there in March 1835. Exact name and date make a regional candidate, while Milwaukee residence conflicts with physical Chicago presence.",buck_pioneer_milwaukee
T-0462,burdick_paul,Paul Burdick,"""Paul Burdick"" genealogy occupation migration",2026-09-01,found,"Milwaukee history says Paul Burdick occupied a frame house raised there in March 1835. Exact name and date make a regional candidate, while Milwaukee residence conflicts with physical Chicago presence.",buck_pioneer_milwaukee
T-0462,case_nehemiah,Nehemiah Case,"""Nehemiah Case"" Chicago 1835",2026-09-01,found,"A Buffalo directory supplies a competing Nehemiah Case, but wrong geography and no migration bridge make it a rejected match rather than a Chicago identity.",buffalo_nehemiah_case
T-0462,case_nehemiah,Nehemiah Case,"""Nehemiah Case"" Illinois 1834 1835",2026-09-01,found,"A Buffalo directory supplies a competing Nehemiah Case, but wrong geography and no migration bridge make it a rejected match rather than a Chicago identity.",buffalo_nehemiah_case
T-0462,case_nehemiah,Nehemiah Case,"""Nehemiah Case"" genealogy occupation migration",2026-09-01,found,"A Buffalo directory supplies a competing Nehemiah Case, but wrong geography and no migration bridge make it a rejected match rather than a Chicago identity.",buffalo_nehemiah_case
T-0462,chamberlain_l_c,L. C Chamberlain,"""L. C Chamberlain"" Chicago 1835",2026-09-01,no result,"No reliable record found in the reviewed contemporary, institutional, local-history and index searches could be tied to this person by more than the recorded name. This is a documented no-find, not evidence that the person did not exist.",
T-0462,chamberlain_l_c,L. C Chamberlain,"""L. C Chamberlain"" Illinois 1834 1835",2026-09-01,no result,"No reliable record found in the reviewed contemporary, institutional, local-history and index searches could be tied to this person by more than the recorded name. This is a documented no-find, not evidence that the person did not exist.",
T-0462,chamberlain_l_c,L. C Chamberlain,"""L. C Chamberlain"" genealogy occupation migration",2026-09-01,no result,"No reliable record found in the reviewed contemporary, institutional, local-history and index searches could be tied to this person by more than the recorded name. This is a documented no-find, not evidence that the person did not exist.",
T-0462,cooley_edward_v,Edward V Cooley,"""Edward V Cooley"" Chicago 1835",2026-09-01,no result,"No reliable record found in the reviewed contemporary, institutional, local-history and index searches could be tied to this person by more than the recorded name. This is a documented no-find, not evidence that the person did not exist.",
T-0462,cooley_edward_v,Edward V Cooley,"""Edward V Cooley"" Illinois 1834 1835",2026-09-01,no result,"No reliable record found in the reviewed contemporary, institutional, local-history and index searches could be tied to this person by more than the recorded name. This is a documented no-find, not evidence that the person did not exist.",
T-0462,cooley_edward_v,Edward V Cooley,"""Edward V Cooley"" genealogy occupation migration",2026-09-01,no result,"No reliable record found in the reviewed contemporary, institutional, local-history and index searches could be tied to this person by more than the recorded name. This is a documented no-find, not evidence that the person did not exist.",
T-0462,cook_rowland_i,Rowland I!. Cook,"""Rowland I!. Cook"" Chicago 1835",2026-09-01,no result,"No reliable record found in the reviewed contemporary, institutional, local-history and index searches could be tied to this person by more than the recorded name. This is a documented no-find, not evidence that the person did not exist.",
T-0462,cook_rowland_i,Rowland I!. Cook,"""Rowland I!. Cook"" Illinois 1834 1835",2026-09-01,no result,"No reliable record found in the reviewed contemporary, institutional, local-history and index searches could be tied to this person by more than the recorded name. This is a documented no-find, not evidence that the person did not exist.",
T-0462,cook_rowland_i,Rowland I!. Cook,"""Rowland I!. Cook"" genealogy occupation migration",2026-09-01,no result,"No reliable record found in the reviewed contemporary, institutional, local-history and index searches could be tied to this person by more than the recorded name. This is a documented no-find, not evidence that the person did not exist.",
T-0462,covell_thomas_r,Thomas R. Covell,"""Thomas R. Covell"" Chicago 1835",2026-09-01,found,"A county history says Thomas R. Covell moved to Salt Creek, Cook County, about 1833 after work as trader and mill builder. Exact middle initial and migration make a high-confidence candidate, not town residence.",lasalle_thomas_covell
T-0462,covell_thomas_r,Thomas R. Covell,"""Thomas R. Covell"" Illinois 1834 1835",2026-09-01,found,"A county history says Thomas R. Covell moved to Salt Creek, Cook County, about 1833 after work as trader and mill builder. Exact middle initial and migration make a high-confidence candidate, not town residence.",lasalle_thomas_covell
T-0462,covell_thomas_r,Thomas R. Covell,"""Thomas R. Covell"" genealogy occupation migration",2026-09-01,found,"A county history says Thomas R. Covell moved to Salt Creek, Cook County, about 1833 after work as trader and mill builder. Exact middle initial and migration make a high-confidence candidate, not town residence.",lasalle_thomas_covell
T-0462,curtis_liman,Liman Curtis,"""Liman Curtis"" Chicago 1835",2026-09-01,no result,"No reliable record found in the reviewed contemporary, institutional, local-history and index searches could be tied to this person by more than the recorded name. This is a documented no-find, not evidence that the person did not exist.",
T-0462,curtis_liman,Liman Curtis,"""Liman Curtis"" Illinois 1834 1835",2026-09-01,no result,"No reliable record found in the reviewed contemporary, institutional, local-history and index searches could be tied to this person by more than the recorded name. This is a documented no-find, not evidence that the person did not exist.",
T-0462,curtis_liman,Liman Curtis,"""Liman Curtis"" genealogy occupation migration",2026-09-01,no result,"No reliable record found in the reviewed contemporary, institutional, local-history and index searches could be tied to this person by more than the recorded name. This is a documented no-find, not evidence that the person did not exist.",
T-0462,davenport_dennis,Dennis Davenport,"""Dennis Davenport"" Chicago 1835",2026-09-01,no result,"No reliable record found in the reviewed contemporary, institutional, local-history and index searches could be tied to this person by more than the recorded name. This is a documented no-find, not evidence that the person did not exist.",
T-0462,davenport_dennis,Dennis Davenport,"""Dennis Davenport"" Illinois 1834 1835",2026-09-01,no result,"No reliable record found in the reviewed contemporary, institutional, local-history and index searches could be tied to this person by more than the recorded name. This is a documented no-find, not evidence that the person did not exist.",
T-0462,davenport_dennis,Dennis Davenport,"""Dennis Davenport"" genealogy occupation migration",2026-09-01,no result,"No reliable record found in the reviewed contemporary, institutional, local-history and index searches could be tied to this person by more than the recorded name. This is a documented no-find, not evidence that the person did not exist.",
T-0462,dow_albert_f,Albert F. Dow,"""Albert F. Dow"" Chicago 1835",2026-09-01,found,An exact-name Albert F. Dow later served as Ottawa canal toll collector and eventually Chicago collector. The regional trajectory is compatible but lacks a link to 1835.,im_canal_albert_dow
T-0462,dow_albert_f,Albert F. Dow,"""Albert F. Dow"" Illinois 1834 1835",2026-09-01,found,An exact-name Albert F. Dow later served as Ottawa canal toll collector and eventually Chicago collector. The regional trajectory is compatible but lacks a link to 1835.,im_canal_albert_dow
T-0462,dow_albert_f,Albert F. Dow,"""Albert F. Dow"" genealogy occupation migration",2026-09-01,found,An exact-name Albert F. Dow later served as Ottawa canal toll collector and eventually Chicago collector. The regional trajectory is compatible but lacks a link to 1835.,im_canal_albert_dow
T-0462,fairchilds_ransom,Ransom Fairchilds,"""Ransom Fairchilds"" Chicago 1835",2026-09-01,found,"Ransom Fairchild of Connecticut and Michigan is a possible regional candidate, but the printed plural may be possessive OCR and no Chicago bridge exists.",
T-0462,fairchilds_ransom,Ransom Fairchilds,"""Ransom Fairchilds"" Illinois 1834 1835",2026-09-01,found,"Ransom Fairchild of Connecticut and Michigan is a possible regional candidate, but the printed plural may be possessive OCR and no Chicago bridge exists.",
T-0462,fairchilds_ransom,Ransom Fairchilds,"""Ransom Fairchilds"" genealogy occupation migration",2026-09-01,found,"Ransom Fairchild of Connecticut and Michigan is a possible regional candidate, but the printed plural may be possessive OCR and no Chicago bridge exists.",
T-0462,felch_alaneon,Alaneon Felch,"""Alaneon Felch"" Chicago 1835",2026-09-01,found,"Wisconsin Historical Society catalogs Alson Felch, later a Racine farmer. Alaneon-to-Alson cannot be asserted without scan confirmation or a Chicago-linked record.",whs_alson_felch
T-0462,felch_alaneon,Alaneon Felch,"""Alaneon Felch"" Illinois 1834 1835",2026-09-01,found,"Wisconsin Historical Society catalogs Alson Felch, later a Racine farmer. Alaneon-to-Alson cannot be asserted without scan confirmation or a Chicago-linked record.",whs_alson_felch
T-0462,felch_alaneon,Alaneon Felch,"""Alaneon Felch"" genealogy occupation migration",2026-09-01,found,"Wisconsin Historical Society catalogs Alson Felch, later a Racine farmer. Alaneon-to-Alson cannot be asserted without scan confirmation or a Chicago-linked record.",whs_alson_felch
T-0462,ford_ebenezer,Ebenezer Ford,"""Ebenezer Ford"" Chicago 1835",2026-09-01,found,A church history places Ebenezer Ford among Fort Dearborn garrison charter members in June 1833. This is a strong identity candidate; the resident record also omits his 20 May 1835 return before the 1 July return.,first_presbyterian_chicago_1833_1913
T-0462,ford_ebenezer,Ebenezer Ford,"""Ebenezer Ford"" Illinois 1834 1835",2026-09-01,found,A church history places Ebenezer Ford among Fort Dearborn garrison charter members in June 1833. This is a strong identity candidate; the resident record also omits his 20 May 1835 return before the 1 July return.,first_presbyterian_chicago_1833_1913
T-0462,ford_ebenezer,Ebenezer Ford,"""Ebenezer Ford"" genealogy occupation migration",2026-09-01,found,A church history places Ebenezer Ford among Fort Dearborn garrison charter members in June 1833. This is a strong identity candidate; the resident record also omits his 20 May 1835 return before the 1 July return.,first_presbyterian_chicago_1833_1913
T-0462,galusha_ezra,Ezra Galusha,"""Ezra Galusha"" Chicago 1835",2026-09-01,found,"Warrenville Historical Society says Ezra Galusha brought his family to Warrenville in 1834. The two Chicago letters fit postal routing, not bodily presence in town.",warrenville_ezra_galusha
T-0462,galusha_ezra,Ezra Galusha,"""Ezra Galusha"" Illinois 1834 1835",2026-09-01,found,"Warrenville Historical Society says Ezra Galusha brought his family to Warrenville in 1834. The two Chicago letters fit postal routing, not bodily presence in town.",warrenville_ezra_galusha
T-0462,galusha_ezra,Ezra Galusha,"""Ezra Galusha"" genealogy occupation migration",2026-09-01,found,"Warrenville Historical Society says Ezra Galusha brought his family to Warrenville in 1834. The two Chicago letters fit postal routing, not bodily presence in town.",warrenville_ezra_galusha
T-0462,parcel_aaron,Aaron Parcel,"""Aaron Parcel"" Chicago 1835",2026-09-01,found,"Aaron Parcel and Aron Parcell are reciprocal duplicate candidates: one-letter spelling variants occur in returns ten months apart, but no external discriminator was found.",
T-0462,parcel_aaron,Aaron Parcel,"""Aaron Parcel"" Illinois 1834 1835",2026-09-01,found,"Aaron Parcel and Aron Parcell are reciprocal duplicate candidates: one-letter spelling variants occur in returns ten months apart, but no external discriminator was found.",
T-0462,parcel_aaron,Aaron Parcel,"""Aaron Parcel"" genealogy occupation migration",2026-09-01,found,"Aaron Parcel and Aron Parcell are reciprocal duplicate candidates: one-letter spelling variants occur in returns ten months apart, but no external discriminator was found.",
T-0462,parcell_aron,Aron Parcell,"""Aron Parcell"" Chicago 1835",2026-09-01,found,Aron Parcell and Aaron Parcel are reciprocal duplicate candidates. The spelling and shared post-office context are suggestive but insufficient to merge.,
T-0462,parcell_aron,Aron Parcell,"""Aron Parcell"" Illinois 1834 1835",2026-09-01,found,Aron Parcell and Aaron Parcel are reciprocal duplicate candidates. The spelling and shared post-office context are suggestive but insufficient to merge.,
T-0462,parcell_aron,Aron Parcell,"""Aron Parcell"" genealogy occupation migration",2026-09-01,found,Aron Parcell and Aaron Parcel are reciprocal duplicate candidates. The spelling and shared post-office context are suggestive but insufficient to merge.,
T-0462,murray_alonzo,Alonzo Murray,"""Alonzo Murray"" Chicago 1835",2026-09-01,found,Alonzo Murray and Alonzo Murry are strong duplicate candidates from one-letter variants in consecutive-year Chicago returns; no independent identity record resolves them.,
T-0462,murray_alonzo,Alonzo Murray,"""Alonzo Murray"" Illinois 1834 1835",2026-09-01,found,Alonzo Murray and Alonzo Murry are strong duplicate candidates from one-letter variants in consecutive-year Chicago returns; no independent identity record resolves them.,
T-0462,murray_alonzo,Alonzo Murray,"""Alonzo Murray"" genealogy occupation migration",2026-09-01,found,Alonzo Murray and Alonzo Murry are strong duplicate candidates from one-letter variants in consecutive-year Chicago returns; no independent identity record resolves them.,
T-0462,murry_alonzo,Alonzo Murry,"""Alonzo Murry"" Chicago 1835",2026-09-01,found,Alonzo Murry and Alonzo Murray are strong duplicate candidates but remain separate until a record or scan links the spellings.,
T-0462,murry_alonzo,Alonzo Murry,"""Alonzo Murry"" Illinois 1834 1835",2026-09-01,found,Alonzo Murry and Alonzo Murray are strong duplicate candidates but remain separate until a record or scan links the spellings.,
T-0462,murry_alonzo,Alonzo Murry,"""Alonzo Murry"" genealogy occupation migration",2026-09-01,found,Alonzo Murry and Alonzo Murray are strong duplicate candidates but remain separate until a record or scan links the spellings.,
T-0462,foster_caleb,Caleb Foster,"""Caleb Foster"" Chicago 1835",2026-09-01,no result,"No reliable record found in the reviewed contemporary, institutional, local-history and index searches could be tied to this person by more than the recorded name. This is a documented no-find, not evidence that the person did not exist.",
T-0462,foster_caleb,Caleb Foster,"""Caleb Foster"" Illinois 1834 1835",2026-09-01,no result,"No reliable record found in the reviewed contemporary, institutional, local-history and index searches could be tied to this person by more than the recorded name. This is a documented no-find, not evidence that the person did not exist.",
T-0462,foster_caleb,Caleb Foster,"""Caleb Foster"" genealogy occupation migration",2026-09-01,no result,"No reliable record found in the reviewed contemporary, institutional, local-history and index searches could be tied to this person by more than the recorded name. This is a documented no-find, not evidence that the person did not exist.",
T-0462,house_chester,Chester House,"""Chester House"" Chicago 1835",2026-09-01,found,"A contemporary 1835 letter and local histories place distinctive-name Chester House at House's Grove from 1833. He is probably the recipient, but as a hinterland resident, not proof of Chicago residence; sources conflict on spouse name.",talcott_chester_house_1835
T-0462,house_chester,Chester House,"""Chester House"" Illinois 1834 1835",2026-09-01,found,"A contemporary 1835 letter and local histories place distinctive-name Chester House at House's Grove from 1833. He is probably the recipient, but as a hinterland resident, not proof of Chicago residence; sources conflict on spouse name.",talcott_chester_house_1835
T-0462,house_chester,Chester House,"""Chester House"" genealogy occupation migration",2026-09-01,found,"A contemporary 1835 letter and local histories place distinctive-name Chester House at House's Grove from 1833. He is probably the recipient, but as a hinterland resident, not proof of Chicago residence; sources conflict on spouse name.",talcott_chester_house_1835
T-0462,tuller_elam,Elam Tuller,"""Elam Tuller"" Chicago 1835",2026-09-01,found,"A county biography says Elam Tuller's family reached Chicago in July 1833 and identifies his Connecticut origin and farmer, mechanic and steam-engine manufacturing background. Two letter returns support the chronology.",whiteside_elam_tuller
T-0462,tuller_elam,Elam Tuller,"""Elam Tuller"" Illinois 1834 1835",2026-09-01,found,"A county biography says Elam Tuller's family reached Chicago in July 1833 and identifies his Connecticut origin and farmer, mechanic and steam-engine manufacturing background. Two letter returns support the chronology.",whiteside_elam_tuller
T-0462,tuller_elam,Elam Tuller,"""Elam Tuller"" genealogy occupation migration",2026-09-01,found,"A county biography says Elam Tuller's family reached Chicago in July 1833 and identifies his Connecticut origin and farmer, mechanic and steam-engine manufacturing background. Two letter returns support the chronology.",whiteside_elam_tuller
T-0462,ingersall_david,David Ingersall,"""David Ingersall"" Chicago 1835",2026-09-01,no result,"No reliable record found in the reviewed contemporary, institutional, local-history and index searches could be tied to this person by more than the recorded name. This is a documented no-find, not evidence that the person did not exist.",
T-0462,ingersall_david,David Ingersall,"""David Ingersall"" Illinois 1834 1835",2026-09-01,no result,"No reliable record found in the reviewed contemporary, institutional, local-history and index searches could be tied to this person by more than the recorded name. This is a documented no-find, not evidence that the person did not exist.",
T-0462,ingersall_david,David Ingersall,"""David Ingersall"" genealogy occupation migration",2026-09-01,no result,"No reliable record found in the reviewed contemporary, institutional, local-history and index searches could be tied to this person by more than the recorded name. This is a documented no-find, not evidence that the person did not exist.",
T-0462,filer_elihu_d,Elihu D. Filer,"""Elihu D. Filer"" Chicago 1835",2026-09-01,found,"Racine histories identify exact-name Elihu D. Filer as an early settler and carpenter, but no record bridges the Chicago letter to the Racine man. Reprinted OCR variants are not separate people.",whs_elihu_filer_house
T-0462,filer_elihu_d,Elihu D. Filer,"""Elihu D. Filer"" Illinois 1834 1835",2026-09-01,found,"Racine histories identify exact-name Elihu D. Filer as an early settler and carpenter, but no record bridges the Chicago letter to the Racine man. Reprinted OCR variants are not separate people.",whs_elihu_filer_house
T-0462,filer_elihu_d,Elihu D. Filer,"""Elihu D. Filer"" genealogy occupation migration",2026-09-01,found,"Racine histories identify exact-name Elihu D. Filer as an early settler and carpenter, but no record bridges the Chicago letter to the Racine man. Reprinted OCR variants are not separate people.",whs_elihu_filer_house
T-0462,drake_charles_c,Charles C. Drake,"""Charles C. Drake"" Chicago 1835",2026-09-01,no result,"No reliable record found in the reviewed contemporary, institutional, local-history and index searches could be tied to this person by more than the recorded name. This is a documented no-find, not evidence that the person did not exist.",
T-0462,drake_charles_c,Charles C. Drake,"""Charles C. Drake"" Illinois 1834 1835",2026-09-01,no result,"No reliable record found in the reviewed contemporary, institutional, local-history and index searches could be tied to this person by more than the recorded name. This is a documented no-find, not evidence that the person did not exist.",
T-0462,drake_charles_c,Charles C. Drake,"""Charles C. Drake"" genealogy occupation migration",2026-09-01,no result,"No reliable record found in the reviewed contemporary, institutional, local-history and index searches could be tied to this person by more than the recorded name. This is a documented no-find, not evidence that the person did not exist.",
T-0462,miner_amanda,Amanda Miner,"""Amanda Miner"" Chicago 1835",2026-09-01,found,"Kaneville history names Amos and Amanda Miner as first permanent settlers in 1836. Exact name, adjacent county and chronology support a candidate, but spouse and New York origin are not imported.",kaneville_amanda_miner
T-0462,miner_amanda,Amanda Miner,"""Amanda Miner"" Illinois 1834 1835",2026-09-01,found,"Kaneville history names Amos and Amanda Miner as first permanent settlers in 1836. Exact name, adjacent county and chronology support a candidate, but spouse and New York origin are not imported.",kaneville_amanda_miner
T-0462,miner_amanda,Amanda Miner,"""Amanda Miner"" genealogy occupation migration",2026-09-01,found,"Kaneville history names Amos and Amanda Miner as first permanent settlers in 1836. Exact name, adjacent county and chronology support a candidate, but spouse and New York origin are not imported.",kaneville_amanda_miner
T-0462,wear_amy_c,Amy C. Wear,"""Amy C. Wear"" Chicago 1835",2026-09-01,no result,"No reliable record found in the reviewed contemporary, institutional, local-history and index searches could be tied to this person by more than the recorded name. This is a documented no-find, not evidence that the person did not exist.",
T-0462,wear_amy_c,Amy C. Wear,"""Amy C. Wear"" Illinois 1834 1835",2026-09-01,no result,"No reliable record found in the reviewed contemporary, institutional, local-history and index searches could be tied to this person by more than the recorded name. This is a documented no-find, not evidence that the person did not exist.",
T-0462,wear_amy_c,Amy C. Wear,"""Amy C. Wear"" genealogy occupation migration",2026-09-01,no result,"No reliable record found in the reviewed contemporary, institutional, local-history and index searches could be tied to this person by more than the recorded name. This is a documented no-find, not evidence that the person did not exist.",
T-0462,vann_angeline,Angeline Vann,"""Angeline Vann"" Chicago 1835",2026-09-01,found,A later Missouri genealogy names an Angeline Vann born in 1834. The chronology makes her an impossible adult Chicago resident and the match is explicitly rejected.,
T-0462,vann_angeline,Angeline Vann,"""Angeline Vann"" Illinois 1834 1835",2026-09-01,found,A later Missouri genealogy names an Angeline Vann born in 1834. The chronology makes her an impossible adult Chicago resident and the match is explicitly rejected.,
T-0462,vann_angeline,Angeline Vann,"""Angeline Vann"" genealogy occupation migration",2026-09-01,found,A later Missouri genealogy names an Angeline Vann born in 1834. The chronology makes her an impossible adult Chicago resident and the match is explicitly rejected.,
T-0462,knox_archibald,Archibald Knox,"""Archibald Knox"" Chicago 1835",2026-09-01,no result,"No reliable record found in the reviewed contemporary, institutional, local-history and index searches could be tied to this person by more than the recorded name. This is a documented no-find, not evidence that the person did not exist.",
T-0462,knox_archibald,Archibald Knox,"""Archibald Knox"" Illinois 1834 1835",2026-09-01,no result,"No reliable record found in the reviewed contemporary, institutional, local-history and index searches could be tied to this person by more than the recorded name. This is a documented no-find, not evidence that the person did not exist.",
T-0462,knox_archibald,Archibald Knox,"""Archibald Knox"" genealogy occupation migration",2026-09-01,no result,"No reliable record found in the reviewed contemporary, institutional, local-history and index searches could be tied to this person by more than the recorded name. This is a documented no-find, not evidence that the person did not exist.",
T-0462,brundage_asa,Asa Brundage,"""Asa Brundage"" Chicago 1835",2026-09-01,no result,"No reliable record found in the reviewed contemporary, institutional, local-history and index searches could be tied to this person by more than the recorded name. This is a documented no-find, not evidence that the person did not exist.",
T-0462,brundage_asa,Asa Brundage,"""Asa Brundage"" Illinois 1834 1835",2026-09-01,no result,"No reliable record found in the reviewed contemporary, institutional, local-history and index searches could be tied to this person by more than the recorded name. This is a documented no-find, not evidence that the person did not exist.",
T-0462,brundage_asa,Asa Brundage,"""Asa Brundage"" genealogy occupation migration",2026-09-01,no result,"No reliable record found in the reviewed contemporary, institutional, local-history and index searches could be tied to this person by more than the recorded name. This is a documented no-find, not evidence that the person did not exist.",
T-0462,abbott_constant,Constant Abbott,"""Constant Abbott"" Chicago 1835",2026-09-01,found,"Dr. Constant Abbott is a strong regional candidate documented in DuPage and Ottawa by 1836, but no source supplies a dated Chicago migration or links him to this return.",dupage_constant_abbott
T-0462,abbott_constant,Constant Abbott,"""Constant Abbott"" Illinois 1834 1835",2026-09-01,found,"Dr. Constant Abbott is a strong regional candidate documented in DuPage and Ottawa by 1836, but no source supplies a dated Chicago migration or links him to this return.",dupage_constant_abbott
T-0462,abbott_constant,Constant Abbott,"""Constant Abbott"" genealogy occupation migration",2026-09-01,found,"Dr. Constant Abbott is a strong regional candidate documented in DuPage and Ottawa by 1836, but no source supplies a dated Chicago migration or links him to this return.",dupage_constant_abbott
T-0462,dunn_dangerfield,Dangerfield Dunn,"""Dangerfield Dunn"" Chicago 1835",2026-09-01,no result,"No reliable record found in the reviewed contemporary, institutional, local-history and index searches could be tied to this person by more than the recorded name. This is a documented no-find, not evidence that the person did not exist.",
T-0462,dunn_dangerfield,Dangerfield Dunn,"""Dangerfield Dunn"" Illinois 1834 1835",2026-09-01,no result,"No reliable record found in the reviewed contemporary, institutional, local-history and index searches could be tied to this person by more than the recorded name. This is a documented no-find, not evidence that the person did not exist.",
T-0462,dunn_dangerfield,Dangerfield Dunn,"""Dangerfield Dunn"" genealogy occupation migration",2026-09-01,no result,"No reliable record found in the reviewed contemporary, institutional, local-history and index searches could be tied to this person by more than the recorded name. This is a documented no-find, not evidence that the person did not exist.",
T-0462,frame_david_p,David P. Frame,"""David P. Frame"" Chicago 1835",2026-09-01,no result,"No reliable record found in the reviewed contemporary, institutional, local-history and index searches could be tied to this person by more than the recorded name. This is a documented no-find, not evidence that the person did not exist.",
T-0462,frame_david_p,David P. Frame,"""David P. Frame"" Illinois 1834 1835",2026-09-01,no result,"No reliable record found in the reviewed contemporary, institutional, local-history and index searches could be tied to this person by more than the recorded name. This is a documented no-find, not evidence that the person did not exist.",
T-0462,frame_david_p,David P. Frame,"""David P. Frame"" genealogy occupation migration",2026-09-01,no result,"No reliable record found in the reviewed contemporary, institutional, local-history and index searches could be tied to this person by more than the recorded name. This is a documented no-find, not evidence that the person did not exist.",
T-0462,griswold_eben,Eben Griswold,"""Eben Griswold"" Chicago 1835",2026-09-01,found,"A Berrien County history names an Eben Griswold as a constable, but multiple exact-name candidates and no dated Chicago bridge prevent identification.",berrien_eben_griswold
T-0462,griswold_eben,Eben Griswold,"""Eben Griswold"" Illinois 1834 1835",2026-09-01,found,"A Berrien County history names an Eben Griswold as a constable, but multiple exact-name candidates and no dated Chicago bridge prevent identification.",berrien_eben_griswold
T-0462,griswold_eben,Eben Griswold,"""Eben Griswold"" genealogy occupation migration",2026-09-01,found,"A Berrien County history names an Eben Griswold as a constable, but multiple exact-name candidates and no dated Chicago bridge prevent identification.",berrien_eben_griswold
T-0462,sen_elijah_wentworth,Elijah Wentworth sen.,"""Elijah Wentworth sen."" Chicago 1835",2026-09-01,found,"Cited local history and Wau-Bun identify Elijah Wentworth Sr. as a Wolf Point tavern keeper who later operated at Sand Ridge. Exact senior designation, occupation and chronology resolve him, but downtown scene-date presence is not proved.",nwchicago_elijah_wentworth; kinzie_waubun_1856
T-0462,sen_elijah_wentworth,Elijah Wentworth sen.,"""Elijah Wentworth sen."" Illinois 1834 1835",2026-09-01,found,"Cited local history and Wau-Bun identify Elijah Wentworth Sr. as a Wolf Point tavern keeper who later operated at Sand Ridge. Exact senior designation, occupation and chronology resolve him, but downtown scene-date presence is not proved.",nwchicago_elijah_wentworth; kinzie_waubun_1856
T-0462,sen_elijah_wentworth,Elijah Wentworth sen.,"""Elijah Wentworth sen."" genealogy occupation migration",2026-09-01,found,"Cited local history and Wau-Bun identify Elijah Wentworth Sr. as a Wolf Point tavern keeper who later operated at Sand Ridge. Exact senior designation, occupation and chronology resolve him, but downtown scene-date presence is not proved.",nwchicago_elijah_wentworth; kinzie_waubun_1856
T-0462,covalt_enos,Enos Covalt,"""Enos Covalt"" Chicago 1835",2026-09-01,no result,"No reliable record found in the reviewed contemporary, institutional, local-history and index searches could be tied to this person by more than the recorded name. This is a documented no-find, not evidence that the person did not exist.",
T-0462,covalt_enos,Enos Covalt,"""Enos Covalt"" Illinois 1834 1835",2026-09-01,no result,"No reliable record found in the reviewed contemporary, institutional, local-history and index searches could be tied to this person by more than the recorded name. This is a documented no-find, not evidence that the person did not exist.",
T-0462,covalt_enos,Enos Covalt,"""Enos Covalt"" genealogy occupation migration",2026-09-01,no result,"No reliable record found in the reviewed contemporary, institutional, local-history and index searches could be tied to this person by more than the recorded name. This is a documented no-find, not evidence that the person did not exist.",
T-0462,page_frederick_w,Frederick W. Page,"""Frederick W. Page"" Chicago 1835",2026-09-01,no result,"No reliable record found in the reviewed contemporary, institutional, local-history and index searches could be tied to this person by more than the recorded name. This is a documented no-find, not evidence that the person did not exist.",
T-0462,page_frederick_w,Frederick W. Page,"""Frederick W. Page"" Illinois 1834 1835",2026-09-01,no result,"No reliable record found in the reviewed contemporary, institutional, local-history and index searches could be tied to this person by more than the recorded name. This is a documented no-find, not evidence that the person did not exist.",
T-0462,page_frederick_w,Frederick W. Page,"""Frederick W. Page"" genealogy occupation migration",2026-09-01,no result,"No reliable record found in the reviewed contemporary, institutional, local-history and index searches could be tied to this person by more than the recorded name. This is a documented no-find, not evidence that the person did not exist.",
T-0462,makepiece_george_r,George R. Makepiece,"""George R. Makepiece"" Chicago 1835",2026-09-01,found,"Will County history says George R. Makepeace explored future Joliet in June 1834, returned to New York, then returned with family. Exact initial and chronology are strong; spelling and letter linkage remain unproved.",will_george_makepeace
T-0462,makepiece_george_r,George R. Makepiece,"""George R. Makepiece"" Illinois 1834 1835",2026-09-01,found,"Will County history says George R. Makepeace explored future Joliet in June 1834, returned to New York, then returned with family. Exact initial and chronology are strong; spelling and letter linkage remain unproved.",will_george_makepeace
T-0462,makepiece_george_r,George R. Makepiece,"""George R. Makepiece"" genealogy occupation migration",2026-09-01,found,"Will County history says George R. Makepeace explored future Joliet in June 1834, returned to New York, then returned with family. Exact initial and chronology are strong; spelling and letter linkage remain unproved.",will_george_makepeace
T-0462,legg_gregory_e,Gregory E. Legg,"""Gregory E. Legg"" Chicago 1835",2026-09-01,no result,"No reliable record found in the reviewed contemporary, institutional, local-history and index searches could be tied to this person by more than the recorded name. This is a documented no-find, not evidence that the person did not exist.",
T-0462,legg_gregory_e,Gregory E. Legg,"""Gregory E. Legg"" Illinois 1834 1835",2026-09-01,no result,"No reliable record found in the reviewed contemporary, institutional, local-history and index searches could be tied to this person by more than the recorded name. This is a documented no-find, not evidence that the person did not exist.",
T-0462,legg_gregory_e,Gregory E. Legg,"""Gregory E. Legg"" genealogy occupation migration",2026-09-01,no result,"No reliable record found in the reviewed contemporary, institutional, local-history and index searches could be tied to this person by more than the recorded name. This is a documented no-find, not evidence that the person did not exist.",
T-0462,hurlburt_hannah,Hannah Hurlburt,"""Hannah Hurlburt"" Chicago 1835",2026-09-01,no result,"No reliable record found in the reviewed contemporary, institutional, local-history and index searches could be tied to this person by more than the recorded name. This is a documented no-find, not evidence that the person did not exist.",
T-0462,hurlburt_hannah,Hannah Hurlburt,"""Hannah Hurlburt"" Illinois 1834 1835",2026-09-01,no result,"No reliable record found in the reviewed contemporary, institutional, local-history and index searches could be tied to this person by more than the recorded name. This is a documented no-find, not evidence that the person did not exist.",
T-0462,hurlburt_hannah,Hannah Hurlburt,"""Hannah Hurlburt"" genealogy occupation migration",2026-09-01,no result,"No reliable record found in the reviewed contemporary, institutional, local-history and index searches could be tied to this person by more than the recorded name. This is a documented no-find, not evidence that the person did not exist.",
