year_record_id,canonical_name,alternate_names,year_started,year_completed,completion_precision,year_opened,year_demolished,demolition_precision,demolition_cause,status,address_historical,address_modern,latitude,longitude,building_type,original_use,architect_or_builder,owner_or_developer,structural_system,stories,height_ft,construction_or_event_type,predecessor_or_rebuild_of,postfire_code_context,notes,source_keys,confidence,needs_review
CHI1872-001,Page Brothers Building,"McCarthy Building; State-Lake Building",1872,1872,year-only,1872,,,,extant-altered,"177-191 North State Street; north facade on Lake Street","177-191 N State St",41.885472,-87.627594,commercial loft,"retail and commercial",John M. Van Osdel,Page Brothers,"masonry with cast-iron north facade",4,,reconstruction,"pre-fire commercial building on site","Built during the first-year rebuilding under the post-fire fire-limits regime; its surviving cast-iron facade preserves a construction technique common before the fire.","Official City narrative dates the building to 1872; the State Street facade and fifth story are a separate 1902 phase.","CITYLANDMARKS_API;CITYLANDMARKS_WEB",high,false
CHI1872-002,Holden Block,,1872,1872,year-only,1872,,,,extant,"1027 West Madison Street","1027 W Madison St",41.881418,-87.653264,commercial block,"commercial lofts and stores",Stephen V. Shipman,Charles C. P. Holden,"masonry; Buena Vista sandstone facade",4,,new_construction,,"Post-fire Near West Side construction; the source links the building to rapid development after the fire without claiming it stood in the burned district.","Rare surviving Italianate commercial block with date and Holden name carved at the roofline.","CITYLANDMARKS_API;CITYLANDMARKS_WEB",high,false
CHI1872-003,John and Clara Merchant House,"Merchant House",1872,1872,approximate,1872,,,,extant,"Irving Park settlement","3854 N Kostner Ave",41.951474,-87.738451,house,residence,"George E. Woodward pattern-book Design No. 2",John and Clara Merchant,"wood-frame Second Empire house; mansard roof",2,,new_construction,,"Outside Chicago's 1872 municipal limits and outside the burned district; no post-fire ordinance inference.","Official City source dates the house circa 1872. Included because it lies within present Chicago and documents Irving Park's railroad-suburb development; historical-jurisdiction flag should be retained.","CITYLANDMARKS_API;CITYLANDMARKS_WEB",high,true
CHI1872-004,Lake-Franklin Group,"Lake Street mercantile loft group",1872,1875,range,,,,,extant,"227-235 West Lake Street and 173-191 North Franklin Street","227-235 W Lake St & 173-191 N Franklin St",41.885408,-87.635135,commercial block,"wholesaling and manufacturing","Burling & Adler; George H. Edbrooke",,"masonry mercantile lofts with cast-iron columns",4,,construction_start,,"Direct product of rebuilding after the 1871 fire; official narrative identifies characteristic post-fire commercial architecture.","Official date range is 1872-1875 and does not identify which surviving component began in 1872; retained as a start-year group record pending parcel-level permit research.","CITYLANDMARKS_API;CITYLANDMARKS_WEB",high,true
CHI1872-005,Delaware Building,,1872,1874,range,,,,,extant-altered,"36 West Randolph Street","36 W Randolph St",41.884630,-87.629276,commercial building,"retail and offices","Wheelock & Thomas; Julius H. Huber (1889 work)",,"cast-iron base; precast concrete upper facade",5,,construction_start,,"One of the few surviving Loop structures from the immediate post-fire rebuilding; 1889 work must be separated.","Official date range is 1872-1874. Huber's steel-framed atrium, two added stories and lower-floor redesign belong to 1889.","CITYLANDMARKS_API;CITYLANDMARKS_WEB",high,true
CHI1872-006,Temporary City Hall and Court House,"Old Rookery; Temporary Court House",1871,1872,exact,1872,1885,year-only,redevelopment,demolished,"southeast corner Adams and LaSalle Streets",,,,government building,"city offices, courts, recorder and law library",,"City of Chicago","brick masonry built around former water-tank substructure",,,reconstruction,"city and county offices destroyed in 1871 fire","Hastily built permanent-looking municipal replacement within the fire district; Andreas calls it a pile of brick and mortar lacking conveniences.","Authorized within a week of the fire, covered about 178 feet square, completed and occupied by January 1 1872, and cost about $75,000 furnished.",AND1886V3,high,false
CHI1872-007,Chamber of Commerce II,"Board of Trade Chamber of Commerce",1871,1872,exact,1872,1890,year-only,redevelopment,demolished,"southeast corner Washington and LaSalle Streets",,,,exchange building,"commodity exchange and offices","Cochrane & Miller","Chamber of Commerce Building Association","stone masonry",3,,reconstruction,"Chamber of Commerce I destroyed in 1871 fire","Prominent masonry reconstruction inside the fire limits.","Completed before and formally occupied on the fire's first anniversary, October 9 1872; Andreas reports cost about $365,000.","AND1886V3;TAYLOR1917CBOT;CHICAG_REBUILD",high,false
CHI1872-008,Chicago Tribune Building II,"Tribune Building",1871,1872,exact,1872,1901,year-only,redevelopment,demolished,"southeast corner Dearborn and Madison Streets",,,,newspaper office,"newspaper offices and printing","Burling & Adler","Chicago Tribune","masonry; iron roof; largely noncombustible floors",5,,reconstruction,"Tribune Building I destroyed in 1871 fire","Explicitly designed as a more genuinely fire-resistant replacement, with iron roof and tile, asphalt or artificial-marble floors.","Occupied October 8-9 1872 while final work continued about another month; 72 by 121 feet. Chicagology page rebuilding030 transcribes the contemporary Tribune account.",CHICAG_REBUILD,medium,true
CHI1872-009,First National Bank Building III,"First National Bank restoration",1871,1872,year-only,1872,1883,year-only,redevelopment,demolished,"southwest corner State and Washington Streets",,,,bank,"bank and safe deposit","Edward Burling; Hollingsworth & Coughlin",First National Bank of Chicago,"iron, stone and brick; surviving vaults",4,,reconstruction,"First National Bank Building II fire-damaged in 1871","Reused surviving walls and vaults; contemporary descriptions called it fireproof but Andreas cautions that such claims were unsettled.","Restored in 1872 for about $75,000 of a reported $295,000 total building value; the pre-fire fifth floor was not restored. Chicagology rebuilding177 transcribes contemporary sources.","AND1886V3;CHICAG_REBUILD",medium,true
CHI1872-010,J. V. Farwell & Company Block III,"Farwell Block",1871,1872,exact,1872,1933,approximate,redevelopment,demolished,"northwest corner Monroe and Franklin Streets; extension toward Market Street",,,,wholesale warehouse,"wholesale dry goods",John M. Van Osdel,"J. V. Farwell & Co.","brick masonry; experimental cement wall sections",6,,reconstruction,"Farwell commercial property lost in 1871 fire","Built immediately after the fire; Andreas documents an experimental poured-cement wall method using rubble fill.","First section completed about three months after the fire; a 1872 extension formed a 191-by-235-foot complex. Chicagology rebuilding071 distinguishes the phases.","AND1886V3;CHICAG_REBUILD",high,true
CHI1872-011,Reed Block,"Hibbard & Spencer Building",1872,1872,year-only,1872,1925,year-only,redevelopment,demolished,"northeast corner Lake Street and Wabash Avenue",,,,commercial block,"hardware warehouse and salesrooms","Wheelock & Thomas",J. H. Reed,"pressed brick; plate glass; galvanized-iron cornice",5,85,reconstruction,"Hibbard & Spencer premises destroyed in 1871 fire","Permanent mercantile rebuilding in the fire district.","Contemporary April and October 1872 notices document construction and occupancy; footprint about 48 by 140 feet for the occupied portion. Chicagology rebuilding067.",CHICAG_REBUILD,medium,false
CHI1872-012,Superior Block,"Fowler-Goodell-Walters Block",1872,1872,approximate,1872,1911,year-only,redevelopment,demolished,"75-79 Clark Street opposite Court House",,,,commercial block,"banks and offices",W. W. Boyington,"Fowler, Goodell and Walters","Lake Superior brownstone; central glazed court",4,,reconstruction,,"Promoted in 1872 as fireproof, with fire plugs and hose on each hall; claim is not treated as tested performance.","Nearly complete October 5 1872; three 22.5-foot facades and a central 30-foot glazed court. Chicagology rebuilding098.",CHICAG_REBUILD,medium,true
CHI1872-013,William Blair Building,"Blair hardware building",1872,1872,exact,1872,1941,year-only,redevelopment,demolished,"172-176 Lake Street between LaSalle and Fifth Avenue",,,,warehouse,"hardware warehouse and salesrooms","Burling, Adler & Co.",William Blair & Co.,"St. Louis pressed brick with brownstone trim",5,,reconstruction,,"Masonry mercantile construction within the rebuilt business district.","Contemporary October 1872 notice says just completed; about 60 by 144 feet with deeper basement, steam heat and elevators. Chicagology rebuilding155.",CHICAG_REBUILD,medium,false
CHI1872-014,Armour Building II,,1872,1872,approximate,1872,,,,demolished,"northeast corner Randolph Street and Michigan Avenue; 102 Michigan Avenue",,,,office building,"railroad general offices",,George Armour,,5,,reconstruction,"pre-fire Armour building/site","Post-fire masonry commercial reconstruction; exact code compliance unverified.","A June 1872 notice describes a five-story 90-by-130-foot building; Chicago Burlington & Quincy occupied the upper four stories in December. Chicagology rebuilding008.",CHICAG_REBUILD,medium,true
CHI1872-015,Leander McCormick Building,"McCormick Building at Lake and Wabash",1872,1872,approximate,1872,1949,approximate,redevelopment,demolished,"northwest corner Wabash Avenue and Lake Street",,,,commercial block,"stove and hardware trade",W. W. Boyington,Leander McCormick,brick masonry,,,reconstruction,,"Permanent post-fire mercantile rebuilding.","Contemporary February 1872 notice announced Nos. 34-40 Lake; October coverage illustrates it among McCormick structures. Chicagology rebuilding168.",CHICAG_REBUILD,medium,true
CHI1872-016,Garrett Building II,,1872,1872,approximate,1872,1898,year-only,redevelopment,demolished,"southeast corner Lake and Market Streets",,,,commercial block,"rental property supporting Garrett Biblical Institute",,"Garrett Biblical Institute","brick, iron and plate glass",4,,reconstruction,"Garrett Building destroyed in 1871 fire","Masonry rebuilding in the fire district.","Contemporary notices describe a roughly 130-by-180-foot four-story building, cost about $100,000, with portions ready for tenants in August. Chicagology rebuilding175.",CHICAG_REBUILD,medium,true
CHI1872-017,Oriental Building II,"Oriental Block",1872,1872,approximate,1872,1907,year-only,redevelopment,demolished,"12-18 North LaSalle Street; later 122 LaSalle",,,,commercial block,"offices and commercial tenants",John M. Van Osdel,G. E. Walker,,5,,reconstruction,"Oriental Building I destroyed in 1871 fire","Prominent commercial reconstruction in the burned district.","Contemporary May and October 1872 notices document construction and partial occupancy; final completion date needs directory/permit verification. Chicagology rebuilding042.",CHICAG_REBUILD,medium,true
CHI1872-018,Major Block II,"Roanoke Building I",1872,1872,approximate,1872,1914,year-only,redevelopment,demolished,"southeast corner Madison and LaSalle Streets",,,,office building,"banks, stores and offices","Dixon & Hamilton",Major estate,"Ohio stone; fireproof office vaults",4,,reconstruction,"Major Block I destroyed in 1871 fire","Designed as substantial stone reconstruction with office vaults; direct ordinance inspection not located.","Foundations underway April; intended occupancy October; contemporary October account identifies the completed streetscape. About 66 by 135 feet. Chicagology rebuilding036.",CHICAG_REBUILD,medium,true
CHI1872-019,M. D. Wells & Company Building,,1872,1872,exact,1872,1907,year-only,redevelopment,demolished,"southeast corner Madison and Market Streets; 256-262 Madison",,,,factory and warehouse,"boot and shoe factory and salesrooms",,"M. D. Wells & Co.","Philadelphia pressed brick with Ohio-stone trim",5,,reconstruction,"firm premises destroyed in 1871 fire","Permanent masonry rebuilding in the wholesale district.","Completed by August 1872; cost about $100,000 with steam heat, elevators and power. Chicagology rebuilding131.",CHICAG_REBUILD,medium,false
CHI1872-020,Morrison Building,"E. W. Morrison Building",1872,1872,approximate,1872,1910,year-only,redevelopment,demolished,"northeast corner Clark and Madison Streets",,,,commercial block,"stores and offices",,E. W. Morrison,"Cleveland and Joliet stone",4,,reconstruction,"Morrison commercial buildings destroyed in 1871 fire","Permanent stone-front reconstruction within the fire district.","Plans reported February 1872; later account describes the completed building and about $100,000 cost. Distinct from the Morrison Block on the southeast corner. Chicagology rebuilding217.",CHICAG_REBUILD,medium,true
CHI1872-021,Morrison Block III,"Morrison Hotel I",1872,1872,approximate,1872,1911,year-only,redevelopment,demolished,"southeast corner Clark and Madison Streets",,,,commercial block,"store and offices","Carter & Drake",Mrs. O. Morrison,"Joliet limestone; French Renaissance",4,,reconstruction,"Morrison Block destroyed in 1871 fire","Permanent stone commercial replacement in the burned district.","October 1872 description gives 90 by 100 feet and cost over $100,000; a January 1873 illustration shows completed rebuilt streetscape. Chicagology rebuilding103.",CHICAG_REBUILD,medium,true
CHI1872-022,C. M. Henderson and Company Building,,1872,1872,approximate,1872,1949,approximate,redevelopment,demolished,"southeast corner Franklin and Madison Streets; formerly 235 Madison",329 W Madison St,,,warehouse,"boots and shoes wholesale","Burling & Adler","C. M. Henderson & Co.",masonry,5,,reconstruction,"firm premises destroyed in 1871 fire","Masonry warehouse in the new post-fire wholesale district.","Contemporary September 1872 feature documents the new building; exact completion date and demolition year remain approximate. Chicagology rebuilding097.",CHICAG_REBUILD,medium,true
CHI1872-023,Pike's Block,"Ayer Building",1872,1872,year-only,1872,1955,year-only,redevelopment,demolished,"166-172 State Street; southwest corner State and Monroe Streets",,,,commercial block,"retail and offices",John W. Roberts,E. S. Pike,masonry,,,reconstruction,,"Stone-and-masonry commercial rebuilding opposite the Palmer House.","Featured as a newly erected block in the October 1872 Land Owner; Chicagology rebuilding104.",CHICAG_REBUILD,medium,true
CHI1872-024,Schweizer Block,,1872,1872,approximate,1872,1888,year-only,redevelopment,demolished,"northeast corner Madison and LaSalle Streets; 135 LaSalle",,,,commercial block,"bank, steamship agency and offices",,,,4,,reconstruction,,"Commercial rebuilding inside the fire district.","Shown as a new 1872 streetscape building; formal Anchor Line office opening occurred January 1873, so construction completion remains approximate. Chicagology rebuilding089.",CHICAG_REBUILD,medium,true
CHI1872-025,Robbins Building III,"Crerar, Adams & Co. Building",1872,1872,year-only,1872,1910,year-only,redevelopment,demolished,"11-13 Fifth Avenue and 205-207 South Water Street",,,,commercial block,"railway supplies",John M. Van Osdel,Robbins estate,"cut-stone front; masonry",5,,reconstruction,"Robbins Block destroyed in 1871 fire","Permanent commercial rebuilding in the burned district.","Contemporary November 1872 account calls the 80-by-150-foot building rebuilt for about $100,000. Chicagology rebuilding101 also describes a related Lake Street block and a separate Ohio/Franklin manufacturing complex, not merged here.",CHICAG_REBUILD,medium,true
CHI1872-026,William B. Pierce Building,"Iron Front Building",1872,1872,year-only,1872,1949,year-only,redevelopment,demolished,"335-337 Wabash Avenue; later 512-514 South Wabash",,,,commercial building,"china, glassware, guns and cutlery retail","C. M. Palmer (unconfirmed)",William B. Pierce,"iron front; masonry",4,,new_construction,,"Iron-front commercial construction; relationship to fire limits requires parcel review.","Contemporary June 1872 account says the building had been erected and opened; architect attribution is unconfirmed. Chicagology rebuilding107.",CHICAG_REBUILD,medium,true
CHI1872-027,Chicago Type Foundry II,"Marder, Luse & Co. Building",1872,1872,exact,1872,1894,year-only,redevelopment,demolished,"139-141 Monroe Street between Clark and LaSalle Streets",,,,factory,"type foundry and printing offices",,"Marder, Luse & Co.","brick with stone basement; white Wisconsin-brick front",5,,reconstruction,"Chicago Type Foundry destroyed in 1871 fire","Substantial masonry factory reconstruction in the fire district.","Construction began about March 1 and moving began May 6 1872; 45 by 80 feet. Chicagology rebuilding057/rebuilding108 transcribes the company account.",CHICAG_REBUILD,medium,false
CHI1872-028,Fidelity Savings Bank and Safe Depository II,,1872,1872,approximate,1872,1924,year-only,redevelopment,demolished,"143-147 Randolph Street",,,,bank,"savings bank and safe depository",,,,,,reconstruction,"Fidelity facilities destroyed in 1871 fire","Banking reconstruction in the fire district; specific fireproof systems need verification.","Chicagology rebuilding109 identifies the 1872 building and contemporary banking occupancy; precise completion evidence should be checked in the original newspaper.",CHICAG_REBUILD,medium,true
CHI1872-029,Inter-Ocean Building I,,1872,1872,year-only,1872,1874,year-only,fire,demolished,"Wabash Avenue between Harrison and Congress Streets",,,,newspaper office,"newspaper offices and printing",,"Inter Ocean newspaper",masonry,,,new_construction,,"Located south of the principal burned district; direct code context not established.","Chicagology rebuilding110 identifies the 1872-1874 building; destroyed in the 1874 fire. Original contemporary notice requires image-level verification.",CHICAG_REBUILD,medium,true
CHI1872-030,Grocers' Block,,1872,1872,approximate,1872,1899,year-only,redevelopment,demolished,"southwest corner Wabash Avenue and Lake Street",,,,commercial block,"wholesale grocery trade",T. V. Wadskier,,masonry,,,reconstruction,,"Permanent mercantile rebuilding in the fire district.","Chicagology rebuilding112 gives a 1872 life span start and contemporary directory evidence; exact completion date needs original source review.",CHICAG_REBUILD,medium,true
CHI1872-031,Brevoort House I,"Anderson's European Hotel",1872,1872,exact,1872,1906,year-only,redevelopment,demolished,"north side Madison Street between Clark and LaSalle Streets",,,,hotel,hotel,"Dixon & Hamilton",C. H. Thompson,"masonry; fire plugs and hose",5,,new_construction,,"Contemporary description emphasized fire plugs and two fireproof vaults but complete fire resistance is not inferred.","Opened in November 1872 with 125 sleeping rooms; later hotel identity and a south adjoining A. Crocker building must remain separate. Chicagology rebuilding113.",CHICAG_REBUILD,medium,false
CHI1872-032,Hall's Safe and Lock Company Building,"Windsor European Hotel; Thompson's Restaurant",1872,1872,year-only,1872,1901,year-only,redevelopment,demolished,"147-149 Dearborn Street between Madison and Monroe Streets",,,,commercial building,"safe and lock showroom","Dixon & Hamilton","Hall's Safe and Lock Company",brick masonry,4,,reconstruction,"Hall company building destroyed in 1871 fire","Rebuilt on the old site in masonry; the safe-company use made post-fire fire resistance central to its marketing.","Contemporary June 1872 account says the firm was back on its old site eight months after the fire. Chicagology rebuilding114.",CHICAG_REBUILD,medium,false
CHI1872-033,Buck and Rayner Building II,"Otis Building",1871,1872,approximate,1872,1904,year-only,redevelopment,demolished,"southwest corner State and Madison Streets",,,,commercial building,"drugstore and offices",,"Buck & Rayner; later Otis interests","reused surviving masonry walls",3,,reconstruction,"Buck and Rayner Building fire-damaged in 1871","Reconstruction incorporated surviving pre-fire walls; not wholly new construction.","Rebuilt immediately after the fire and photographed in August 1872; later source says part of the 1868 walls survived. Chicagology rebuilding116.",CHICAG_REBUILD,medium,true
CHI1872-034,LaSalle Building,"Gallup & Hitchcock Building; Merchants' National Bank Building",1872,1872,approximate,1872,1908,year-only,redevelopment,demolished,"northwest corner LaSalle and Madison Streets",,,,office building,"bank and offices","Dixon & Hamilton","Gallup & Hitchcock","Buena Vista sandstone",4,,reconstruction,,"Stone commercial reconstruction in the fire district.","Up to the fourth story October 13 and expected to be occupied in November 1872; final finish extended into 1873. Chicagology rebuilding117.",CHICAG_REBUILD,medium,true
CHI1872-035,Marine Bank Building II,"Marine Building",1872,1872,approximate,1872,1928,year-only,redevelopment,demolished,"northeast corner Lake and LaSalle Streets",,,,bank,"Marine Bank and Mechanics' National Bank","Burling & Adler",Marine Bank Company,"limestone fronts; masonry",4,,reconstruction,"Marine Bank property destroyed in 1871 fire","Permanent bank rebuilding in the fire district.","Ready for roof October 5 1872; occupancy/completion may have followed late that year or early 1873. About 70 by 80 feet; projected cost $95,000. Chicagology rebuilding139.",CHICAG_REBUILD,medium,true
CHI1872-036,Keith Brothers Building,"Keith Block; Lyon Brothers Building",1872,1872,approximate,1872,1980,approximate,redevelopment,demolished,"246-252 Madison Street near Market Street; later 323-331 West Madison",,,,warehouse,"wholesale hats, caps, furs and millinery",John W. Roberts,Keith Brothers,"Ohio sandstone; extensive plate glass",5,,reconstruction,"Keith Brothers premises destroyed in 1871 fire","Stone wholesale reconstruction in the expanded post-fire business district.","Contemporary August and October 1872 accounts describe the nearly finished 55-by-170-foot building; occupancy followed within weeks. Chicagology rebuilding180.",CHICAG_REBUILD,medium,true
CHI1872-037,McVicker's Theatre III,"McVicker Theatre",1872,1872,approximate,1872,,,,demolished,"Madison Street between State and Dearborn Streets",,,,theater,theater,,James H. McVicker,masonry,,,reconstruction,"McVicker's Theatre II destroyed in 1871 fire","Prominent entertainment reconstruction in the burned district.","Under active reconstruction in August and intended for the fall 1872 season; exact opening date should be verified. Chicagology rebuilding045.",CHICAG_REBUILD,medium,true
CHI1872-038,Relic House,,1872,1872,year-only,1872,1929,year-only,redevelopment,demolished,"North Park Avenue and Centre Street; later Clark near Centre",,,,relic house,"cottage, restaurant, hall and saloon",,Albert Rettig,"fused and salvaged fire debris",2,,new_construction,,"Purpose-built from fire relics; not evidence of ordinary code-compliant construction.","Constructed in 1872 from melted iron, glass, pottery and stone and later moved roughly 100 yards. Chicagology rebuilding046.",CHICAG_REBUILD,medium,true
CHI1872-039,Chicago Fire Monument,"Fire Monument at Central Park",1872,,incomplete,,,,,removed,"Central Park at the western termination of Washington Street; later Garfield Park",,,,monument,"fire memorial",William Le Baron Jenney,"West Chicago Park Commissioners and civic sponsors","salvaged burnt safes and masonry relics",,,cornerstone_and_incomplete_construction,,"A memorial reuse of fire debris, not an occupied building.","Cornerstone laid October 30 1872; project was never completed and remnants were later removed and sold as scrap. Chicagology rebuilding086 transcribes contemporary accounts.",CHICAG_REBUILD,medium,false
CHI1872-040,720 North Wells Street Building,,1872,1872,year-only,1872,2024,approximate,redevelopment,demolished,"720 North Wells Street",720 N Wells St,,,commercial building,"mixed commercial uses","unknown",,"brick with cast-iron storefront",3,,new_construction,,"Rare North Side post-fire architecture; sources report work began before a February 1872 code update, but permit evidence remains to be acquired.","Preservation Chicago documents the 1872 date and demolition; exact demolition month and original owner require archival verification.",PRESCHI720,medium,true
CHI1872-041,Commercial Hotel,"American Express Building",1872,1872,year-only,1872,,,,demolished,"northwest corner Dearborn and Lake Streets",,,,hotel,"commercial building converted to hotel",,"Couch estate; William H. Ward trustee; High & Magie adjoining interests","stone front; five-story corner and four-story additions",5,,new_construction,,"Permanent masonry construction within the burned district.","Built for American Express, which declined occupancy; Howell Pulling and Hiram F. Ingraham opened the combined structure as Commercial Hotel in 1872; about 270 rooms by 1886.",AND1886V3,high,false
CHI1872-042,Gardner House,"Leland Hotel",1871,1872,exact,1872,,,,demolished,"Michigan Avenue at Jackson Street",,,,hotel,hotel,,Horatio H. Gardner,"brick masonry",6,,new_construction,,"Andreas calls it essentially fireproof in its later form, but later alterations and fire escapes should not be retrojected to 1872.","Finished and opened October 1 1872, the first American-plan hotel opened in the burned district; cost including ground reported about $600,000.",AND1886V3,high,false
CHI1872-043,Kuhns's European Hotel,"Windsor Hotel",1871,1872,year-only,1872,,,,demolished,"Dearborn Street in the burned district",,,,hotel,hotel,William W. Boyington,"Thomas Mackin and Samuel Gregsten leasehold; William J. Kuhns operator",masonry,,,reconstruction,,"First European-plan hotel erected in the burned district after the fire.","North 70-foot section built and opened about August 1872; later additions and Windsor identity must be separated from the 1872 phase.",AND1886V3,high,true
CHI1872-044,St. Charles Hotel II,"St. Charles Hotel",1872,1872,year-only,1872,,,,demolished,"15-17 Clark Street",,,,hotel,hotel,,Raggio Brothers interests,masonry,,,reconstruction,"pre-fire St. Charles Hotel destroyed in 1871 fire","Permanent hotel rebuilding in the fire district.","Andreas explicitly says rebuilt in 1872 and opened by Phil Conley; later Raggio return and remodeling belong to 1878.",AND1886V3,high,false
CHI1872-045,Massasoit House II,"Massasoit House",1872,1872,year-only,1872,,,,demolished,,,,,hotel,hotel,,Albert Longley,masonry,,,reconstruction,"pre-fire Massasoit House","Post-fire hotel replacement; direct code evidence not located.","Andreas says built by Albert Longley in 1872 and completed and opened in the fall; address is unreadable or absent in the OCR and needs directory follow-up.",AND1886V3,high,true
CHI1872-046,Matteson House II,"later Wellington Hotel",1871,1872,year-only,1873,1915,year-only,redevelopment,demolished,"northeast corner Wabash Avenue and Jackson Street",,,,hotel,hotel,,Robert Hill,"cut stone; masonry",6,,new_construction,"pre-fire Matteson House at Randolph and Dearborn Streets","Substantial hotel relocation/replacement after the fire; not on the original site.","Finished late in 1872 but opened February 3 1873; completion and opening are intentionally separated.","AND1886V3;CHICAG_REBUILD",high,false
CHI1872-047,Lake Shore and Michigan Southern / Chicago Rock Island Passenger Depot,"Van Buren Street Station",1871,1873,year-only,1873,1901,year-only,redevelopment,demolished,"southwest corner LaSalle and Van Buren Streets; head of LaSalle Street",,,,railroad station,"joint passenger depot",W. W. Boyington,"Lake Shore & Michigan Southern Railway; Chicago Rock Island & Pacific Railroad","white stone; masonry",3,,construction_phase,"joint depot destroyed in 1871 fire","Large stone public-transport reconstruction in the post-fire city.","Andreas lists the depot among first-year projects; an August 1872 contemporary notice records the third story rising. Completion belongs to 1873. Chicagology rebuilding035.","AND1886V3;CHICAG_REBUILD",high,false
CHI1872-048,Lakeside Building,"Lakeside Publishing Building",1871,1873,year-only,1873,1926,year-only,redevelopment,demolished,"southwest corner Clark and Adams Streets",,,,publishing building,"printing, publishing and offices",Cass Chapman,"Lakeside Publishing and Printing Company","Cleveland sandstone; Gothic Revival",6,,construction_phase,"nearly completed pre-fire Lakeside Building destroyed in 1871 fire","Rebuilt with an explicit fire-resistant objective; completion belongs to 1873.","Active rebuilding documented throughout 1872 after more than $100,000 pre-fire work was lost; Chicagology rebuilding010 transcribes contemporary notices.","AND1886V3;CHICAG_REBUILD",high,false
CHI1872-049,Palmer House II,"Palmer's Grand Hotel",1871,1873,year-only,1873,,,,demolished,"State Street from Monroe toward Quincy and Wabash Avenue",,,,hotel,hotel,John M. Van Osdel,Potter Palmer,"masonry hotel; foundations survived the fire",6,,construction_phase,"Palmer House I destroyed in 1871 fire","A leading attempt at fire-resistant hotel construction; contemporary 'entirely fireproof' language is recorded as aspiration, not verified performance.","Major construction continued through 1872; opening belongs to late 1873. Do not count as a 1872 completion.","AND1886V3;CHICAG_REBUILD",high,false
CHI1872-050,Grand Pacific Hotel II,"Grand Pacific Hotel",1871,1873,year-only,1873,,,,demolished,"block bounded Jackson, Quincy, LaSalle and Clark Streets",,,,hotel,hotel,"W. W. Boyington; John A. Rice operational guidance",Pacific Hotel Company,masonry,6,,construction_phase,"Grand Pacific Hotel I destroyed in 1871 fire","Urgent post-fire reconstruction began before plans were complete; completion belongs to 1873.","Andreas includes the $1 million project among the major first-year starts; not counted as completed in 1872.",AND1886V3,high,false
CHI1872-051,Sherman House III,"Sherman House",1871,1873,year-only,1873,1910,approximate,redevelopment,demolished,"northwest corner Clark and Randolph Streets",,,,hotel,hotel,"William W. Boyington; Charles W. Cregar",Francis C. Sherman interests,"stone-front masonry",7,,construction_phase,"Sherman House II destroyed in 1871 fire","Major hotel reconstruction in the burned district; completion belongs to 1873.","Andreas lists the $650,000 Sherman House among first-year projects but its opening was May 1 1873. Chicagology rebuilding004 has a conflicting 1872 life-span label; event dating follows Andreas.",AND1886V3,high,false
CHI1872-052,Briggs House II,"Briggs House",1871,1873,approximate,1873,,,,demolished,"Randolph Street at Fifth Avenue",,,,hotel,hotel,,Mr. Moss,"red brick with stone facings",6,,construction_phase,"Briggs House destroyed in 1871 fire","Permanent hotel rebuilding on the old site; completion belongs to 1873.","Construction began immediately after the fire and continued through 1872; opened in 1873, reported building cost about $190,000.",AND1886V3,high,false
CHI1872-053,Tremont House IV,"Tremont House",1871,1873,year-only,1873,,,,demolished,"Lake and Dearborn Streets",,,,hotel,hotel,John M. Van Osdel,Couch estate,"Amherst sandstone front",6,,construction_phase,"Tremont House III destroyed in 1871 fire","Major stone-front hotel replacement; completion belongs to 1873.","Contractor biography says a partnership dissolved after finishing Tremont work in 1872, but hotel chronology gives 1873 completion/opening; treated as 1872 construction phase only.",AND1886V3,medium,true
CHI1872-054,Grace Methodist Episcopal Church,"Grace Church",1872,1873,exact,1873,,,,demolished,"LaSalle Avenue and Locust Street",,,,church,"Methodist worship",,"Grace Methodist Episcopal Church","Gothic masonry",,,construction_start,"Grace Church destroyed in 1871 fire","Permanent replacement after a temporary post-fire chapel.","Rebuilding began about mid-1872 and dedication occurred May 4 1873; reported total cost including lot and organ about $100,000.",AND1886V3,high,false
CHI1872-055,First Methodist Episcopal Church Block,"Clark Street Methodist Church Block",1871,1872,approximate,1872,,,,demolished,"corner Clark and Washington Streets",,,,mixed-use church block,"worship, stores, offices and meeting hall",,"First Methodist Episcopal Church","stone-front masonry",4,,reconstruction,"First Methodist block destroyed in 1871 fire","More substantial post-fire replacement in the burned district; rental uses funded church operations.","Congregation left its temporary Clark-and-Harrison frame building in fall 1872 for the rebuilt block; cost about $130,000. Chicagology rebuilding072 and Chicago History Museum corroborate context.","AND1886V3;CHICAG_REBUILD;CHM_METHODIST",high,false
CHI1872-056,Michigan Avenue Methodist Episcopal Church,"Indiana Avenue Methodist Episcopal Church",1871,1872,phase,1872,,,,demolished,"Michigan Avenue",,,,church,"Methodist worship",,"Michigan Avenue Methodist Episcopal Church",masonry,,,partial_completion_and_dedication,,"Church construction underway before/through the fire era outside the principal burned core.","A portion was formally dedicated February 5 1872; full completion occurred during J. W. Phelps's 1873-74 pastorate, so this is not a full completion.",AND1886V3,high,true
CHI1872-057,St. Patrick's Church,"Old St. Patrick's",,1872,phase,1872,,,,extant-altered,,,,,church,"Catholic worship",,"St. Patrick's parish",masonry,,,partial_completion_and_occupancy,,"Construction predated the Great Fire and site lay west of the principal burned district.","Basement, still in course of erection at the fire, first occupied in August 1872; 1873 interior work is a separate phase.",AND1886V3,high,true
CHI1872-058,St. Matthew's German Evangelical Lutheran Church,,1872,1872,year-only,1872,,,,demolished,"block between Twentieth, Twenty-first, Hoyne and Leavitt Streets",,,,church and school,"Lutheran worship and parochial school",,"St. Matthew's German Evangelical Lutheran Church","brick basement with frame upper story",2,,new_construction,,"Mixed brick/frame construction outside the principal fire limits; no ordinance-compliance inference.","Trustees erected the two-story church-school in 1872; later 1875 and 1882 school buildings are excluded from this phase.",AND1886V3,high,false
CHI1872-059,Chicago Society of the New Jerusalem West Division Church,"Swedenborgian church at Washington and Ogden",1872,1872,year-only,1872,,,,demolished,"Washington Boulevard and Ogden Avenue",,,,church,"Swedenborgian worship",,"Chicago Society of the New Jerusalem",masonry,,,new_construction,,"Outside the core burned business district; no direct fire-code claim.","Andreas calls it a commodious house of worship built in 1872; the society later sold the Ogden frontage in 1885.",AND1886V3,high,true
CHI1872-060,Church of the Messiah II,"Unitarian Church of the Messiah",1872,1873,exact,1873,,,,demolished,"Michigan Avenue and Twenty-third Street",,,,church,"Unitarian worship",,"Church of the Messiah","masonry church",,,foundation_phase,"Church of the Messiah property sold for commercial use after the fire","Foundation stone laid fall 1872; cornerstone May 13 and dedication November 16 1873.","Recorded as a foundation phase only; cost about $90,000 and seating about 800 upon completion.",AND1886V3,high,false
CHI1872-061,First Universalist Church II,"St. Paul's Universalist Church",1872,1873,year-only,1873,,,,demolished,"Michigan Avenue between Sixteenth and Eighteenth Streets",,,,church,"Universalist worship",,"First Universalist Church","solid stone; modern Gothic",,,construction_start,"First Universalist Church at Van Buren and Wabash lost in 1871 fire","Stone replacement farther south; direct ordinance evidence not located.","Construction began in 1872 and completed summer 1873; incomplete spire should not be counted as later separate building.",AND1886V3,high,false
CHI1872-062,St. James Episcopal Church Reconstruction,"St. James Church",1872,1875,year-only,1875,,,,extant-altered,"Cass Street at Huron Street",,,,church,"Episcopal worship",,"St. James Episcopal parish",masonry,,,construction_phase,"St. James church ruined in 1871 fire","Permanent reconstruction from surviving/ruined church fabric; work interrupted by 1873 financial crisis.","Rebuilding moved vigorously in 1872, stopped in 1873, resumed 1874, and first service in completed building occurred in 1875.",AND1886V3,high,true
CHI1872-063,St. Michael's Church Reconstruction,"St. Michael's Church",1871,1873,year-only,1873,,,,extant-altered,"North Side church lot",,,,church,"Catholic worship",,"St. Michael's parish","repaired masonry church",,,reconstruction_phase,"St. Michael's Church destroyed in 1871 fire","Major repair of fire-damaged church; direct code evidence not located.","Church repair was rapidly pushed at reported cost $40,000 while temporary worship continued; ready for occupancy fall 1873. Exact 1872 work fraction unknown.",AND1886V3,high,true
CHI1872-064,St. Michael's Clergy House,,1872,1876,year-only,1876,,,,extant-altered,"St. Michael's parish property",,,,clergy house,"clergy residence",,"St. Michael's parish",masonry,,,partial_reconstruction,"clergy house damaged in 1871 fire","Institutional fire reconstruction; direct ordinance evidence not located.","Partly restored in 1872 and completed in 1876; completion must not be assigned to 1872.",AND1886V3,high,false
CHI1872-065,Convent of the Immaculate Conception II,,1872,1872,year-only,1872,,,,demolished,"Franklin and Wieland Streets",,,,convent and school,"Dominican convent and school",,"Dominican Sisters of Sinsinawa","two-and-a-half-story building",2,,reconstruction,"convent and school destroyed in 1871 fire","Institutional replacement in the North Side fire area; material not established.","Dominican Sisters returned in 1872 and erected the building after Bishop Foley promised assistance; later adjoining parochial school excluded.",AND1886V3,high,true
CHI1872-066,Convent of Saints Benedict and Scholastica Home,"Benedictine Sisters' frame home",1871,1872,year-only,1872,,,,demolished,"corner North Market and Hill Streets",,,,convent home,"religious residence and school support",,"Benedictine Sisters","frame",,,reconstruction,"St. Joseph parish church and school destroyed in 1871 fire","Frame institutional rebuilding undertaken immediately after the fire; location and permission context need ordinance research.","Finished in 1872 and later enlarged with a brick rear addition in 1879; institution incorporated July 1 1872.",AND1886V3,high,true
CHI1872-067,C. L. Rice and Company Machine Shops and Warerooms,,1871,1872,year-only,1872,,,,demolished,"corner Canal and Harrison Streets",,,,factory and warehouse,"machinery shops and sales",,"C. L. Rice & Co.",masonry,,,reconstruction,"Dearborn/Madison machinery premises destroyed in 1871 fire","Industrial relocation west of the core burned district.","Construction began at once after the fire; occupied in fall 1872 and business sold to Kirkwood and Dunklee about then.",AND1886V3,high,false
CHI1872-068,Bournique Dancing Academy II,"Bournique's hall",1872,1872,exact,1872,,,,demolished,"Twenty-fourth Street between Michigan and Indiana Avenues",,,,dance academy,"dance instruction and assemblies",,"Bournique family","brick",,,new_construction,"downtown Bournique academy destroyed in 1871 fire","Brick replacement outside the core burned district.","Erected in summer 1872; capacity doubled in 1874. Not to be confused with the 1882-84 Twenty-third Street academy.",AND1886V3,high,false
CHI1872-069,Brachvogel Picture-Frame Factory,,1872,1872,year-only,1872,,,,demolished,"22-24 South Jefferson Street",,,,factory,"picture frames, mirrors and engravings",,Charles Brachvogel,masonry,,,new_construction,,"Industrial construction west of the core burned district; no direct fire-code evidence.","Andreas states Brachvogel built the factory structure occupied by the later company in 1872; street-number continuity should be checked against directories.",AND1886V3,high,true
CHI1872-070,Sawyer Livery Stables,,1872,1872,exact,1872,,,,demolished,"9-11 Third Avenue",,,,stable,"livery and boarding stable",,Joseph Sawyer,,,,new_construction,"Dutton & Sawyer stables/business disrupted by 1871 fire","Stable construction presented elevated fire risk; material and ordinance compliance are not given.","Built January 1872 and occupied by Sawyer's livery business.",AND1886V3,high,true
CHI1872-071,Bemis and McAvoy Brewery Ice House No. 1,,1872,1872,year-only,1872,,,,demolished,"west side South Park Avenue near Twenty-third Street",,,,ice house,"brewery ice storage",,"Bemis & McAvoy Brewing Company",masonry,,,addition,"Bemis and McAvoy brewery complex","Industrial addition outside principal burned core; no direct code claim.","One of a sequence of west-side ice houses explicitly dated 1872, 1874, 1875 and 1876; only the 1872 unit is recorded here.",AND1886V3,high,true
CHI1872-072,Bemis and McAvoy Brewery Addition,,1871,1872,range,1872,,,,demolished,"South Park Avenue near Twenty-third Street",,,,brewery,"beer production",,"Bemis & McAvoy Brewing Company",masonry,,,addition,"Bemis and McAvoy brewery complex","Industrial expansion outside principal burned core.","Large addition to brewery proper made in 1871-72; phase endpoint is recorded as 1872 but exact month unknown.",AND1886V3,high,true
CHI1872-073,Gottfried Brewery Ice House No. 1,,1872,1872,year-only,1872,,,,demolished,"corner Archer and Stewart Avenues",,,,ice house,"brewery ice storage",,Mathieu Gottfried,,,,addition,"Gottfried brewery complex","Industrial addition outside principal burned core.","Built in 1872; a second ice house belongs to 1879 and later brewery reconstruction to 1884-85.",AND1886V3,high,true
CHI1872-074,Chicago Water Works Reconstruction,,1871,1872,range,1872,,,,extant-altered,"Chicago Avenue pumping works",,,,waterworks,"municipal water pumping","Chief Engineer DeWitt Cregier","City of Chicago","masonry shell repaired; iron roof substituted",,,reconstruction,"Chicago Water Works fire-damaged October 1871","Iron roof replaced the combustible covering; Andreas reports total repair-related cost about $248,410 including system losses.","Machine shop reconstructed, engines returned to service, hydrants/meters repaired and iron roof installed during first post-fire year; treated as a complex phase.",AND1886V3,high,false
CHI1872-075,Second Chicago Lake Tunnel,"new lake tunnel to crib and southwest pumping works",1872,1874,exact,1874,,,,extant-altered,"shore end at Chicago Water Works; lake crib; planned cross-city extension to Canal A",,,,water tunnel,"municipal water supply","DeWitt Cregier; Steel & McMahon contractors","City of Chicago","subaqueous tunnel",,,construction_start,,"Municipal water infrastructure; building-code context not applicable.","Contract work commenced July 12 1872 at shore end and October 2 at crib end; completion deadline July 1 1874.",AND1886V3,high,false
CHI1872-076,Cregier Pumping Engine at Chicago Water Works,"1872 waterworks engine",1872,1872,exact,1872,,,,removed,"Chicago Avenue pumping works",,,,pumping engine,"municipal water supply","DeWitt Cregier; Knapp Fort Pitt Foundry Works","City of Chicago","70-inch steam cylinders; three boilers",,,infrastructure_installation,"Chicago Water Works mechanical plant","Post-fire capacity and resilience upgrade; building-code context not applicable.","Completed and started November 27 1872 through a 36-inch main; engine and boilers cost $188,400.",AND1886V3,high,false
CHI1872-077,State Street Viaduct Reconstruction,,1871,1872,range,1872,,,,replaced,"State Street",,,,viaduct,"transportation infrastructure",,"City of Chicago",,,,reconstruction,"State Street viaduct rendered impassable in 1871 fire","Municipal infrastructure funded partly through Illinois canal-refund appropriation.","One of three named viaducts repaired immediately and completed within one year of the fire.",AND1886V3,high,false
CHI1872-078,Clark Street Viaduct Reconstruction,,1871,1872,range,1872,,,,replaced,"Clark Street",,,,viaduct,"transportation infrastructure",,"City of Chicago",,,,reconstruction,"Clark Street viaduct rendered impassable in 1871 fire","Municipal infrastructure funded partly through Illinois canal-refund appropriation.","One of three named viaducts repaired immediately and completed within one year of the fire.",AND1886V3,high,false
CHI1872-079,Wells Street Viaduct Reconstruction,,1871,1872,range,1872,,,,replaced,"Wells Street",,,,viaduct,"transportation infrastructure",,"City of Chicago",,,,reconstruction,"Wells Street viaduct rendered impassable in 1871 fire","Municipal infrastructure funded partly through Illinois canal-refund appropriation.","One of three named viaducts repaired immediately and completed within one year of the fire.",AND1886V3,high,false
CHI1872-080,Rush Street Bridge Reconstruction,,1871,1872,range,1872,,,,replaced,"Rush Street crossing Chicago River",,,,movable bridge,"transportation infrastructure",,"City of Chicago",,,,reconstruction,"Rush Street bridge rendered impassable in 1871 fire","Municipal infrastructure funded partly through Illinois canal-refund appropriation.","One of eight named bridges repaired immediately and completed within one year of the fire.",AND1886V3,high,false
CHI1872-081,State Street Bridge Reconstruction,,1871,1872,range,1872,,,,replaced,"State Street crossing Chicago River",,,,movable bridge,"transportation infrastructure",,"City of Chicago",,,,reconstruction,"State Street bridge rendered impassable in 1871 fire","Municipal infrastructure funded partly through Illinois canal-refund appropriation.","One of eight named bridges repaired immediately and completed within one year of the fire.",AND1886V3,high,false
CHI1872-082,Clark Street Bridge Reconstruction,,1871,1872,range,1872,,,,replaced,"Clark Street crossing Chicago River",,,,movable bridge,"transportation infrastructure",,"City of Chicago",,,,reconstruction,"Clark Street bridge rendered impassable in 1871 fire","Municipal infrastructure funded partly through Illinois canal-refund appropriation.","One of eight named bridges repaired immediately and completed within one year of the fire.",AND1886V3,high,false
CHI1872-083,Wells Street Bridge Reconstruction,,1871,1872,range,1872,,,,replaced,"Wells Street crossing Chicago River",,,,movable bridge,"transportation infrastructure",,"City of Chicago",,,,reconstruction,"Wells Street bridge rendered impassable in 1871 fire","Municipal infrastructure funded partly through Illinois canal-refund appropriation.","One of eight named bridges repaired immediately and completed within one year of the fire.",AND1886V3,high,false
CHI1872-084,Chicago Avenue Bridge Reconstruction,,1871,1872,range,1872,,,,replaced,"Chicago Avenue crossing North Branch",,,,movable bridge,"transportation infrastructure",,"City of Chicago",,,,reconstruction,"Chicago Avenue bridge rendered impassable in 1871 fire","Municipal infrastructure funded partly through Illinois canal-refund appropriation.","One of eight named bridges repaired immediately and completed within one year of the fire.",AND1886V3,high,false
CHI1872-085,Adams Street Bridge Reconstruction,,1871,1872,range,1872,,,,replaced,"Adams Street crossing South Branch",,,,movable bridge,"transportation infrastructure",,"City of Chicago",,,,reconstruction,"Adams Street bridge rendered impassable in 1871 fire","Municipal infrastructure funded partly through Illinois canal-refund appropriation.","One of eight named bridges repaired immediately and completed within one year of the fire.",AND1886V3,high,false
CHI1872-086,Van Buren Street Bridge Reconstruction,,1871,1872,range,1872,,,,replaced,"Van Buren Street crossing South Branch",,,,movable bridge,"transportation infrastructure",,"City of Chicago",,,,reconstruction,"Van Buren Street bridge rendered impassable in 1871 fire","Municipal infrastructure funded partly through Illinois canal-refund appropriation.","One of eight named bridges repaired immediately and completed within one year of the fire.",AND1886V3,high,false
CHI1872-087,Polk Street Bridge Reconstruction,,1871,1872,range,1872,,,,replaced,"Polk Street crossing South Branch",,,,movable bridge,"transportation infrastructure",,"City of Chicago",,,,reconstruction,"Polk Street bridge rendered impassable in 1871 fire","Municipal infrastructure funded partly through Illinois canal-refund appropriation.","One of eight named bridges repaired immediately and completed within one year of the fire.",AND1886V3,high,false
CHI1872-088,Aiken's Theatre II,"New Aiken's Theatre",1872,1872,exact,1872,,,,demolished,,,,,theater,"theater and concert venue",,James Aiken,,,,new_construction,"Aiken's Theatre lost in 1871 fire","Entertainment replacement after the fire; address and construction material unresolved.","Opened October 7 1872 with a series of concerts; Andreas supports opening but fuller building description requires theater-history follow-up.",AND1886V3,medium,true
CHI1872-089,Central European Hotel II,,1872,1872,approximate,1872,,,,demolished,"East Water Street",,,,hotel,hotel,,Caesar Pirrung,brick masonry,,,reconstruction,"Central European Hotel destroyed in 1871 fire; temporary frame shanty","Brick replacement following an immediate temporary frame shanty; fire-limit status requires historic parcel review.","Andreas OCR says the temporary shanty was replaced 'next year' by the present brick structure; interpreted as 1872 but flagged for scan verification.",AND1886V3,medium,true
