source_key,title,author,publisher,publication_date,url,source_type,reliability_tier,locator,accessed_at,rights_notes,notes
AND1884V1,"History of Chicago: From the Earliest Period to the Present Time, Volume I",A. T. Andreas,A. T. Andreas,1884,https://archive.org/details/historyofchicago01andr,book,B,"printed pp. 179-214, 248, 290-351, 343-351, 464-490, 505-506, 562-581, 596-598, 633-636",2026-08-03,Public domain,"Near-contemporary synthesis drawing on city records, newspapers, directories, and participant recollections; page-specific locators appear in building notes. OCR was checked against page context."
AND1886V2,"History of Chicago, Volume II: From 1857 Until the Fire of 1871",A. T. Andreas,A. T. Andreas,1886,https://archive.org/details/historyofchicago02andr,contemporary-history,1,"printed pp. 57-72, 114, 403, 418-445, 507-509, 531-532, 658-681, 672, 719 and related fire narrative",2026-08-03,Public domain; Internet Archive scan,Principal row-level source; OCR checked against page images where the heading was degraded.
ANDREAS2_ARCH,"History of Chicago, Volume II: From 1857 until the Fire of 1871",A. T. Andreas,A. T. Andreas,1885,https://archive.org/details/historyofchicago02andr,digitized historical monograph,1,printed pp. 562-565,2026-08-03,Public domain; Internet Archive scan,Retrospective architectural inventory of prominent pre-fire buildings and 1869 Tribune Building.
ANDREAS2_CATHOLIC,"History of Chicago, Volume II: From 1857 until the Fire of 1871",A. T. Andreas,A. T. Andreas,1885,https://archive.org/details/historyofchicago02andr,digitized historical monograph,1,printed pp. 401-408,2026-08-03,Public domain; Internet Archive scan,"Catholic church, school, clergy-residence, and fire-fate chronologies."
ANDREAS2_CIVILWAR,"History of Chicago, Volume II: From 1857 until the Fire of 1871",A. T. Andreas,A. T. Andreas,1885,https://archive.org/details/historyofchicago02andr,digitized historical monograph,1,printed pp. 310-313 and Camp Douglas chapter,2026-08-03,Public domain; Internet Archive scan,"Detailed Soldiers' Rest and Soldiers' Home construction, dimensions, costs, and Camp Douglas context."
ANDREAS2_COMMERCE,"History of Chicago, Volume II: From 1857 until the Fire of 1871",A. T. Andreas,A. T. Andreas,1885,https://archive.org/details/historyofchicago02andr,digitized historical monograph,1,printed pp. 352-369,2026-08-03,Public domain; Internet Archive scan,"Chamber of Commerce construction, materials, dimensions, opening, and destruction."
ANDREAS2_DRAMA,"History of Chicago, Volume II: From 1857 until the Fire of 1871",A. T. Andreas,A. T. Andreas,1885,https://archive.org/details/historyofchicago02andr,digitized historical monograph,1,printed pp. 601-610,2026-08-03,Public domain; Internet Archive scan,"Crosby's Opera House, Wood's Museum, Bryan Hall, dates, participants, dimensions, and destruction."
ANDREAS2_EDU,"History of Chicago, Volume II: From 1857 until the Fire of 1871",A. T. Andreas,A. T. Andreas,1885,https://archive.org/details/historyofchicago02andr,digitized historical monograph,1,printed pp. 109-114,2026-08-03,Public domain; Internet Archive scan,"Structure-by-structure public-school chronology with locations, materials, costs, opening dates, and fire losses."
ANDREAS2_GRAIN,"History of Chicago, Volume II: From 1857 until the Fire of 1871",A. T. Andreas,A. T. Andreas,1885,https://archive.org/details/historyofchicago02andr,digitized historical monograph,1,"grain-trade chapter, elevator histories circa printed pp. 371-375",2026-08-03,Public domain; Internet Archive scan,"Named grain elevators, capacities, construction years, ownership succession, and 1871 losses."
ANDREAS2_HOSPITALS,"History of Chicago, Volume II: From 1857 until the Fire of 1871",A. T. Andreas,A. T. Andreas,1885,https://archive.org/details/historyofchicago02andr,digitized historical monograph,1,printed pp. 394 and 537-538,2026-08-03,Public domain; Internet Archive scan,"Marine, Mercy, and Jewish hospital construction and fire-fate details."
ANDREAS2_HOTELS,"History of Chicago, Volume II: From 1857 until the Fire of 1871",A. T. Andreas,A. T. Andreas,1885,https://archive.org/details/historyofchicago02andr,digitized historical monograph,1,printed hotel-history chapter pp. 505-514,2026-08-03,Public domain; Internet Archive scan,"Barnes House and other hotel histories, operators, locations, and later survival."
ANDREAS2_INFRA,"History of Chicago, Volume II: From 1857 until the Fire of 1871",A. T. Andreas,A. T. Andreas,1885,https://archive.org/details/historyofchicago02andr,digitized historical monograph,1,printed pp. 66-70,2026-08-03,Public domain; Internet Archive scan,"Official-report-based account of lake tunnel, intake crib, Chicago Avenue pumping works, machine shop, Water Tower, and 1871 damage."
ANDREAS2_PROTESTANT,"History of Chicago, Volume II: From 1857 until the Fire of 1871",A. T. Andreas,A. T. Andreas,1885,https://archive.org/details/historyofchicago02andr,digitized historical monograph,1,printed pp. 420-445,2026-08-03,Public domain; Internet Archive scan,"Methodist, Presbyterian, Congregational, Baptist, Unitarian, and Universalist building histories."
ANDREAS2_SOCIAL,"History of Chicago, Volume II: From 1857 until the Fire of 1871",A. T. Andreas,A. T. Andreas,1885,https://archive.org/details/historyofchicago02andr,digitized historical monograph,1,printed pp. 511-512,2026-08-03,Public domain; Internet Archive scan,YMCA Camp Douglas chapel and first/second Farwell Hall chronology.
ANDREAS_ARCH,"History of Chicago: From the Earliest Period to the Present Time, Volume I",A. T. Andreas,A. T. Andreas,1884,https://archive.org/details/historyofchicago01andr,digitized historical monograph,1,printed pp. 504-506,2026-08-03,Public domain; Internet Archive scan,Van Osdel-centered architectural inventory of brick buildings standing in spring 1837 and discussion of pre-fire survival.
ANDREAS_CIVIC,"History of Chicago: From the Earliest Period to the Present Time, Volume I",A. T. Andreas,A. T. Andreas,1884,https://archive.org/details/historyofchicago01andr,digitized historical monograph,1,"printed pp. 175-177, 191, 198, 204-210, 223, 240-241",2026-08-03,Public domain; Internet Archive scan,"Primary synthesis for courthouse, jail, fire-engine house, bridges, schools, Tremont fire, and lighthouse chronology."
ANDREAS_EARLY,"History of Chicago: From the Earliest Period to the Present Time, Volume I",A. T. Andreas,A. T. Andreas,1884,https://archive.org/details/historyofchicago01andr,digitized historical monograph,1,"printed pp. 96, 100-107, 112-143",2026-08-03,Public domain; Internet Archive scan,"Contemporary-near period synthesis with named early buildings, taverns, stores, bridges, and construction statistics; individual claims are cross-checked where later official sources exist."
ANDREAS_HOTELS,"History of Chicago: From the Earliest Period to the Present Time, Volume I",A. T. Andreas,A. T. Andreas,1884,https://archive.org/details/historyofchicago01andr,digitized historical monograph,1,printed pp. 629-637,2026-08-03,Public domain; Internet Archive scan,"Hotel and tavern chronology with locations, owners, openings, alterations, moves, and destruction dates."
ANDREAS_MFG,"History of Chicago: From the Earliest Period to the Present Time, Volume I",A. T. Andreas,A. T. Andreas,1884,https://archive.org/details/historyofchicago01andr,digitized historical monograph,1,printed pp. 563-568,2026-08-03,Public domain; Internet Archive scan,"Manufacturing chronology for the furnace, flour mill, furniture and sash factories, foundries, and 1839 directory listings."
ANDREAS_RELIGION,"History of Chicago: From the Earliest Period to the Present Time, Volume I",A. T. Andreas,A. T. Andreas,1884,https://archive.org/details/historyofchicago01andr,digitized historical monograph,1,"printed pp. 290-301, 315-326, 334-335",2026-08-03,Public domain; Internet Archive scan,"Detailed institutional histories for St. Mary's, First Presbyterian, First Methodist, and St. James; includes sizes, builders, costs, dedications, and relocations."
ANDREAS_V1,"History of Chicago, Volume I: From the Earliest Period to the Present Time; ending with the year 1857",A. T. Andreas,A. T. Andreas,1884,https://archive.org/details/historyofchicago01inandr,book,2,municipal buildings pp. 180-219; railroads pp. 259-263; churches pp. 292-359; hospitals pp. 594-595,2026-08-03,Public domain,"Near-contemporary synthesis; page locators refer to printed pagination, not OCR line numbers. OCR checked against page flow."
ANDREAS_V1_EARLY,"History of Chicago, Volume I: From the Earliest Period to the Present Time",A. T. Andreas,A. T. Andreas,1884,https://archive.org/details/historyofchicago01andr,city_history,2,"OCR passages on early settlement, 1803 cabins, 1812 houses, 1815-29 building inventory, and 1826 recollections",2026-08-03,Public domain due to publication date,Contemporary-near compilation; OCR was searched locally and claims should be checked against scans for transcription-sensitive names.
ANDREAS_V2,"History of Chicago, Volume II: From 1857 until the Fire of 1871",A. T. Andreas,A. T. Andreas,1885,https://archive.org/details/historyofchicago02andr,book,2,bridges pp. 68-69; schools pp. 118-121; Old University pp. 463-464; hotels pp. 501-507; theaters pp. 597-599,2026-08-03,Public domain,Near-contemporary synthesis with reproduced newspaper material and recollections; contains occasional typographical/OCR errors.
ANDREAS_V2_FIRE,"History of Chicago, Volume II: From 1857 Until the Fire of 1871",A. T. Andreas,A. T. Andreas,1885,https://archive.org/details/historyofchicago02andr,digitized_historical_monograph,2,"Great Fire chapter: preliminary burned-area estimate; Chicago Relief and Aid Society report; April 24, 1883 Blanchard letter",2026-08-03,Public domain due to publication date,"Preserves three non-additive fire-loss estimates: 13,500 preliminary; 17,450 division sum/18,000 rounded relief-report total; and 15,765 retrospective."
CAC_FORT,Fort Dearborn,Chicago Architecture Center,Chicago Architecture Center,,https://www.architecture.org/online-resources/architecture-encyclopedia/fort-dearborn,architecture_reference,2,Architecture encyclopedia entry,2026-08-03,Use link and attribution,Architecture and site context; includes historic plan reference.
CHICAGOLOGY1844,Chicago Improvements 1844,Chicagology (transcription of 1867 Edwards' Annual Directory material),Chicagology,,https://chicagology.com/prefire/prefire350/,web_transcription,C,section headed Chicago Improvements 1844,2026-08-03,Verify reuse terms with site owner; underlying nineteenth-century text is public domain,Secondary transcription preserving detailed descriptions of four commercial projects attributed to the 1844 building season.
CHICAGOLOGY_MATTESON,Matteson House,Chicagology,Chicagology,,https://chicagology.com/prefire/prefire067/,historical_web_compilation,3,1850-1871; reproduced period accounts,2026-08-03,Reproduced historical text may be public domain; site layout/images require item-level rights review.,Secondary compilation used only as corroboration for architect/builders and life dates.
CHICAGOLOGY_METRO,Metropolitan Hall,Chicagology,Chicagology,,https://chicagology.com/prefire/prefire133/,historical_web_compilation,3,1855-1871; northwest corner Randolph and LaSalle,2026-08-03,Reproduced historical text may be public domain; site layout/images require item-level rights review.,Corroborates the hall's location and 1855-1871 life span.
CHILM_FIRSTBAPTIST,First Baptist Congregational Church,Commission on Chicago Landmarks,City of Chicago,,https://webapps1.chicago.gov/landmarksweb/web/landmarkdetails.htm?lanId=1301,official-landmark-record,1,record lines: address; completion year; architect; description,2026-08-03,City page copyright applies; obtain permission before reusing page photographs,Official metadata for the Union Park Congregational Church structure; Andreas supplies the 1869 cornerstone and November 1871 dedication.
CHILM_HITCHCOCK,Hitchcock House,Commission on Chicago Landmarks,City of Chicago,,https://webapps1.chicago.gov/landmarksweb/web/landmarkdetails.htm?lanId=1326,official-landmark-record,1,record lines: address; year built; architect; description,2026-08-03,City page copyright applies; obtain permission before reusing page photographs,Official metadata identifies 1871 construction for Charles Hitchcock and notes Austin was then an independent suburb.
CHILM_RABER,Raber House,Commission on Chicago Landmarks,City of Chicago,,https://webapps1.chicago.gov/landmarksweb/web/landmarkdetails.htm?lanId=1407,official-landmark-record,1,record lines: address; year built; architect; description,2026-08-03,City page copyright applies; obtain permission before reusing page photographs,"Official metadata identifies 1870 construction, Thomas W. Wing, John Raber, and surviving pre-Fire status."
CHILM_WHEELER,Wheeler-Kohn House,Commission on Chicago Landmarks,City of Chicago,,https://webapps1.chicago.gov/landmarksweb/web/landmarkdetails.htm?lanId=1454,official-landmark-record,1,record lines: address; year built; architect; description,2026-08-03,City page copyright applies; obtain permission before reusing page photographs,"Official metadata identifies 1870 construction, Otis L. Wheelock, Calvin Wheeler, and later remodeling."
CHI_BOUNDARY,Illinois-Indiana State Line Boundary Marker,Commission on Chicago Landmarks,City of Chicago,n.d.,https://webapps1.chicago.gov/landmarksweb/web/landmarkdetails.htm?lanId=1334,official landmark record,1,entire record,2026-08-03,Page text usable as government information; photograph reuse rights not stated,"Official 1838 date, US Surveyor-General attribution, sandstone material, present location, and 1988 relocation."
CHI_CANAL,Illinois and Michigan Canal Origins,Commission on Chicago Landmarks,City of Chicago,n.d.,https://webapps1.chicago.gov/landmarksweb/web/landmarkdetails.htm?lanId=1332,official landmark record,1,entire record,2026-08-03,Page text usable as government information; photograph reuse rights not stated,Official chronology of 1836-38 excavation of the south channel and surviving site elements.
CHI_CLARKE,Henry B. Clarke House,Commission on Chicago Landmarks,City of Chicago,n.d.,https://webapps1.chicago.gov/landmarksweb/web/landmarkdetails.htm?lanId=1279,official landmark record,1,entire record,2026-08-03,Page text usable as government information; photograph reuse rights not stated,"Official date circa 1836, Greek Revival style, original owner, moves, present address, and landmark designation."
CHI_TRIBUTE_DUSABLE,Jean Baptiste Point DuSable Homesite Marker,Chicago Tribute Markers of Distinction,Chicago Tribute,,https://www.chicagotribute.org/Markers/Sable.htm,secondary_marker,4,Marker text listing compound components,2026-08-03,Use link and attribution,Used only as a lead for the disputed/unidentified tenth compound structure.
CHMMAPCAT,Maps of Chicago in the 19th Century,Chicago History Museum Research Center,Chicago History Museum,,https://chsmedia.org/media/fa/fa/LIB/CityChicagoMapsAccessible.htm,map_catalog,B,"entry 31: Rees & Rucker, Map of Chicago and Vicinity, 1849",2026-08-03,Catalog metadata; check institution terms for reproductions,"Records title, compiler/publisher, William Clogher as draftsman, scale 1 inch to 1,000 feet, dimensions, and canal-trustee subdivisions."
CITY_FIRSTBAPTIST,First Baptist Congregational Church,Commission on Chicago Landmarks,City of Chicago,n.d.,https://webapps1.chicago.gov/landmarksweb/web/landmarkdetails.htm?lanId=1301,official landmark record,1,entire record,2026-08-03,Page text usable as government information; image reuse rights not stated,"Documents the 1869 Carpenter Chapel and church complex, architect attribution, address, and survival."
CITY_GRAY,Phebe and John Gray House landmark designation report,Commission on Chicago Landmarks,City of Chicago,2026,https://occprodstoragev1.blob.core.usgovcloudapi.net/matterattachmentspublic/fe41a448-8e79-4269-8f54-bc33a8093bb7.pdf,government_landmark_report,1,designation report; 4362 W. Grace St.; built ca. 1856,2026-08-03,Government report; verify image-by-image credit before reuse.,Official designation material calls the date circa 1856 and identifies the wood-frame Italianate farmhouse.
CITY_GROESBECK,Groesbeck House,Commission on Chicago Landmarks,City of Chicago,n.d.,https://webapps1.chicago.gov/landmarksweb/web/landmarkdetails.htm?lanId=1318,official landmark record,1,entire record,2026-08-03,Page text usable as government information; image reuse rights not stated,"Official 1869 date, Otis L. Wheelock attribution, Italianate style, address, and pre-fire survival."
CITY_HULL,Hull House,Commission on Chicago Landmarks,City of Chicago,,https://webapps1.chicago.gov/landmarksweb/web/landmarkdetails.htm?lanId=1329,government_landmark_record,1,landmark detail page,2026-08-03,Page content may be cited; City site images not downloaded because reuse terms are not explicit.,Official landmark record; distinguishes the 1856 Hull residence from later settlement additions and partial reconstruction.
CITY_IGLEHART,Charles D. Iglehart House,Commission on Chicago Landmarks,City of Chicago,,https://webapps1.chicago.gov/landmarksweb/web/landmarkdetails.htm?lanId=1333,government_landmark_record,1,landmark detail page,2026-08-03,Page content may be cited; City site images not downloaded because reuse terms are not explicit.,Official record gives 1857 date and later alterations.
CITY_IGNATIUS,St. Ignatius College Prep Building,Commission on Chicago Landmarks,City of Chicago,n.d.,https://webapps1.chicago.gov/landmarksweb/web/landmarkdetails.htm?lanId=1429,official landmark record,1,entire record,2026-08-03,Page text usable as government information; image reuse rights not stated,"Official 1869 date, 1870 opening, architects, Second Empire style, address, and extant status."
CITY_LANDMARK_FORT,Fort Dearborn Site,Commission on Chicago Landmarks,City of Chicago,,https://webapps1.chicago.gov/landmarksweb/web/landmarkdetails.htm?lanId=1307,designation_record,1,Landmark detail page,2026-08-03,City webpage; link and attribution,Dates the two forts and landmark site.
CITY_NOBLE,Noble-Seymour-Crippen House,Commission on Chicago Landmarks,City of Chicago,n.d.,https://webapps1.chicago.gov/landmarksweb/web/landmarkdetails.htm?lanId=1380,official landmark record,1,entire record,2026-08-03,Page text usable as government information; image reuse rights not stated,Official 1863 Italianate addition to the 1833 core and extant status.
CITY_PREFIRE,Pre-Fire Chicago Landmarks Tour,Commission on Chicago Landmarks,City of Chicago,,https://webapps1.chicago.gov/landmarksweb/web/tourdetails.htm?touId=14,government_thematic_record,1,tour overview,2026-08-03,Page content may be cited; City site images not downloaded because reuse terms are not explicit.,"Useful survival context; states roughly 17,000 structures were lost in 1871."
CITY_ROSEHILL,Rosehill Cemetery Entrance,Commission on Chicago Landmarks,City of Chicago,n.d.,https://webapps1.chicago.gov/landmarksweb/web/landmarkdetails.htm?lanId=1416,official landmark record,1,entire record,2026-08-03,Page text usable as government information; image reuse rights not stated,"Official 1864 date, architect William W. Boyington, address, style, and extant landmark status."
CITY_SOLDIERS,Soldiers' Home,Commission on Chicago Landmarks,City of Chicago,n.d.,https://webapps1.chicago.gov/landmarksweb/web/landmarkdetails.htm?lanId=1425,official landmark record,1,entire record,2026-08-03,Page text usable as government information; image reuse rights not stated,"Official phased 1864-1923 chronology, Boyington attribution, present address, Civil War association, and survival."
CITY_WATERTOWER,Old Chicago Water Tower District,Commission on Chicago Landmarks,City of Chicago,n.d.,https://webapps1.chicago.gov/landmarksweb/web/districtdetails.htm?disId=23,official landmark record,1,entire record,2026-08-03,Page text usable as government information; image reuse rights not stated,Confirms Water Tower and Pumping Station as the only public buildings surviving within the 1871 fire area.
CITY_WINGERT,John Wingert House,Commission on Chicago Landmarks,City of Chicago,,https://webapps1.chicago.gov/landmarksweb/web/landmarkdetails.htm?lanId=1457,government_landmark_record,1,landmark detail page,2026-08-03,Page content may be cited; City site images not downloaded because reuse terms are not explicit.,"Official record gives 1854 date, address, owner, and later additions."
COMMONS_MAP1830,1830 Map of Chicago,A. T. Andreas,Wikimedia Commons,1884,https://commons.wikimedia.org/wiki/File:1830_Map_of_Chicago.jpg,public-domain map scan,2,file page,2026-08-03,Public domain in the United States; attribution requested,Convenient downloadable copy of the Andreas 1830 map; use Newberry or Internet Archive scan as provenance authority.
CPD_COUCH,Couch Tomb,Chicago Park District,Chicago Park District,,https://www.chicagoparkdistrict.com/parks-facilities/couch-tomb-artwork,government_collection_record,1,artwork detail; installed 1858,2026-08-03,Page image reuse not assumed; link retained as visual reference.,"Official record identifies Van Osdel and Baumann, year, current location, and survival history."
CPL_ANDREAS_INVENTORY,Andreas Extra-Illustrated History of Chicago: Finding Aid,Chicago Public Library,Chicago Public Library,n.d.,https://www.chipublib.org/andreas-extra-illustrated-history-of-chicago-fa/,archival finding aid,1,Volume I illustration inventory,2026-08-03,Finding-aid text only; individual item rights require checking,"Locates maps and images including Chicago 1830, Thompson's plat, the 1830 river mouth, Clybourn house, courthouse, and early churches."
ECH1849MAP,Chicago in 1849 (Rees & Rucker map),Chicago Historical Society / Encyclopedia of Chicago,Chicago History Museum and Newberry Library,2005,https://www.encyclopedia.chicagohistory.org/pages/10343.html,map_catalog,B,interactive map page; Chicago Historical Society image ICHi-38124,2026-08-03,Map itself published 1849 and public domain; page/interface rights may differ,Authoritative catalog presentation; explicitly identifies the Galena & Chicago Union line running west from its Kinzie-and-Canal depot.
ECHMAPINDEX,Maps: Chronological Index,Encyclopedia of Chicago,Chicago History Museum and Newberry Library,2005,https://www.encyclopedia.chicagohistory.org/misc/mapsChrono.html,map_catalog,B,entries for 1840s maps,2026-08-03,Catalog/interface rights may apply,Useful map-series index for the year-by-year city-footprint extension.
ECH_FIRELIMITS,Fire Limits in Chicago in the 1870s,Encyclopedia of Chicago,Chicago Historical Society,,https://www.encyclopedia.chicagohistory.org/pages/3890.html,historical-map-essay,2,map and interpretive note,2026-08-03,Copyrighted reference work; link/cite rather than republish,Context: the 1871 fire burned less than one quarter of Chicago's built-up area.
ENCYC_GAS,Gas,Encyclopedia of Chicago,Chicago Historical Society,2005,https://www.encyclopedia.chicagohistory.org/pages/504.html,reference_encyclopedia,2,Chicago Gas Light and Coke Co.; gas introduced 1850,2026-08-03,Text citation permitted; image rights vary.,Corroborates the start of manufactured-gas service and system growth.
EOC_CONSTRUCTION,Construction,Mark R. Wilson,Encyclopedia of Chicago / Chicago History Museum and Newberry Library,2005,https://www.encyclopedia.chicagohistory.org/pages/331.html,scholarly_reference_entry,2,opening historical paragraphs,2026-08-03,Link and attribute; text remains copyrighted,Provides rounded area-wide stock thresholds for 1840 and about 1854; geography is broader/less explicit than corporate-limit census tables.
EOC_EARLY_LAKESHORE,Early Lakeshore,Chicago Historical Society and Newberry Library,Encyclopedia of Chicago,2005,https://www.encyclopedia.chicagohistory.org/pages/300062.html,scholarly encyclopedia image essay,1,entire entry,2026-08-03,Underlying Chicago History Museum images/maps require a rights check,Map candidates include the 1836 Canal Commissioners map and 1838 Fort Dearborn Addition map.
EOC_FIRE,Fire of 1871,Karen Sawislak,Encyclopedia of Chicago / Chicago History Museum and Newberry Library,2005,https://www.encyclopedia.chicagohistory.org/pages/1740.html,scholarly_reference_entry,2,full entry,2026-08-03,Link and attribute; text and linked images have separate rights,"Modern scholarly synthesis states that more than 18,000 structures were leveled across 3.5 square miles."
EOC_FORT,Fort Dearborn,Encyclopedia of Chicago,Chicago History Museum / Newberry Library / Northwestern University,2005,https://www.encyclopedia.chicagohistory.org/pages/477.html,reference_essay,2,Full entry,2026-08-03,Use link and attribution,Independent chronology for the two forts.
EOC_FUR_TRADE,Fur Trade,Encyclopedia of Chicago,Chicago History Museum / Newberry Library / Northwestern University,2005,https://www.encyclopedia.chicagohistory.org/pages/492.html,reference_essay,2,Paragraph on federal factory,2026-08-03,Use link and attribution,"Supports federal factory opening, reopening, and closure chronology."
EOC_HOTELS,Hotels,Encyclopedia of Chicago,Chicago History Museum / Newberry Library / Northwestern University,2005,https://www.encyclopedia.chicagohistory.org/pages/603.html,reference_essay,2,Opening paragraphs,2026-08-03,Use link and attribution,Supports early Wolf Point tavern/hotel sequence.
EOC_INFRASTRUCTURE,Harbors,Ann Durkin Keating,Encyclopedia of Chicago,2005,https://www.encyclopedia.chicagohistory.org/pages/641.html,scholarly encyclopedia entry,1,early harbor paragraph,2026-08-03,Text copyright publisher; linked image rights vary,Corroborates federal harbor work and completion of the initial channel/pier program in 1834.
EOC_LIGHTHOUSE,Chicago's First Lighthouse,Chicago Historical Society and Newberry Library,Encyclopedia of Chicago,2005,https://www.encyclopedia.chicagohistory.org/pages/300033.html,scholarly encyclopedia image essay,1,entire entry,2026-08-03,Underlying Chicago History Museum image rights not established; do not redistribute without permission,Corroborates an operating lighthouse in 1832 at Fort Dearborn; Andreas separately documents the failed 1831 construction attempt.
EOC_LIQUOR,Liquor Trade,Encyclopedia of Chicago,Chicago History Museum / Newberry Library / Northwestern University,2005,https://www.encyclopedia.chicagohistory.org/pages/751.html,reference_essay,2,Opening paragraph,2026-08-03,Use link and attribution,Dates Miller House to 1827 and identifies the proprietors.
EOC_MARQUETTE,"Marquette's Chicago Winter, 1674-1675",Encyclopedia of Chicago,Chicago History Museum / Newberry Library / Northwestern University,2005,https://www.encyclopedia.chicagohistory.org/pages/1010873.html,reference_essay,2,Journal transcription and contextual note,2026-08-03,Use link and attribution; underlying historic text is public domain,Supports occupation episode; exact cabin site and form are not established.
EOC_MIDDLE_GROUND,Middle Ground,Chicago Historical Society and Newberry Library,Encyclopedia of Chicago,2005,https://encyclopedia.chicagohistory.org/pages/300129.html,scholarly encyclopedia image essay,1,entire entry,2026-08-03,Underlying Chicago History Museum images/maps require a rights check,"Candidate visuals include a map of Chicago in 1834, Indian Settlement circa 1830, and the Kinzie Home in 1832."
EOC_STOCKYARD,Union Stock Yard,Dominic A. Pacyga,Encyclopedia of Chicago,2005,https://encyclopedia.chicagohistory.org/pages/2218.html,scholarly encyclopedia entry,1,entire entry,2026-08-03,Text copyright publisher; linked image rights separate,"Opening date, location, area, function, and 1971 closure of the original complex."
EOC_WIGWAM,Wigwam,Theodore J. Karamanski,Encyclopedia of Chicago,2005,https://www.encyclopedia.chicagohistory.org/pages/1355.html,scholarly encyclopedia entry,1,entire entry,2026-08-03,Text copyright publisher; linked Chicago History Museum image rights separate,"Construction in just over a month, timber material, capacity, later retail conversion, and removal between 1867 and 1871."
GCF_BURNTDISTRICT,The Burnt District,Chicago History Museum,The Great Chicago Fire & The Web of Memory,,https://greatchicagofire.org/ruined-city/burnt-district/,curated-exhibit,2,burnt-district overview and item gallery,2026-08-03,Chicago History Museum item pages commonly state all rights reserved; request reproduction permission,Useful cross-check for the fire footprint and named exceptions; use LOC copy of the Studley map for reusable media.
GCF_LOSSES,The Losses by the Fire,"Sheahan and Upton, reproduced by the project",The Great Chicago Fire & The Web of Memory,,https://greatchicagofire.org/ruined-city-library/losses-fire/,digitized-primary-account,1,loss summary and division totals,2026-08-03,Project text/image rights vary; quote sparingly and check item pages,"Reports 2,124 acres, 17,450 buildings destroyed, and 98,500 people homeless; aggregate only, never expanded into synthetic building rows."
HOYT1933,"One Hundred Years of Land Values in Chicago: The Relationship of the Growth of Chicago to the Rise in Its Land Values, 1830-1933",Homer Hoyt,University of Chicago Press,1933,https://cooperative-individualism.org/hoyt-homer_one-hundred-years-of-land-values-in-chicago-1933.pdf,digitized_historical_monograph,2,p. 50,2026-08-03,Publication is under copyright in some jurisdictions; cite rather than redistribute full text,Secondary quantitative synthesis reporting 600 new buildings in 1844 and 871 in 1845. Underlying footnotes should be traced to directories/newspapers before final normalization.
ILNR2023,National Register of Historic Places in Illinois,Illinois State Historic Preservation Office,Illinois Department of Natural Resources,2023,https://dnrhistoric.illinois.gov/content/dam/soi/en/web/dnrhistoric/documents/National%20Register%20Listings%20in%20Illinois%20%20Website%20June%202023.pdf,official-register-index,2,Cook County entries 80001351 and 85003031,2026-08-03,U.S./Illinois government compilation; verify individual-image rights separately,"Confirms register names, addresses, reference numbers, and listing dates; does not by itself establish construction dates."
LOC_1857,Chicago (bird's-eye view),J. T. Palmatary; Charles Shober; Braunhold & Sonne,Library of Congress,1857,https://www.loc.gov/item/75693204/,map,1,Geography and Map Division; panoramic map; 115 x 207 cm,2026-08-03,Library of Congress item is presented for free use and reuse absent a rights advisory; retain catalog credit.,Core geospatial/media reference for the built form and shoreline in 1857; use IIIF/download links from item page.
LOC_BURNMAP,Map showing the burnt district in Chicago: published for the benefit of the Relief Fund,R. P. Studley Co.,Library of Congress Geography and Map Division,1871,https://www.loc.gov/item/2010592712/,historic-map,1,catalog record and digitized map,2026-08-03,Free to use and reuse absent a contrary rights advisory; credit Library of Congress Geography and Map Division,Authoritative spatial base for fire-footprint classification; north is oriented to the right. Local derivative: loc_1871_burnt_district_map.jpg.
LOC_CHICAGO1868,Chicago in 1868 from Schiller Street North Side to 12th Street South Side,Albert Ruger,Library of Congress Geography and Map Division,1868,https://www.loc.gov/item/73693350/,digitized panoramic map,1,entire item record,2026-08-03,LOC Geography and Map Division content free to use/reuse absent contrary advisory; credit Library of Congress,"High-value bird's-eye map showing individual buildings, industries, river, railroads, shoreline, and streets; perspective image not survey scale."
LOC_FIREBLOG,The City Which Would Not Be Cowed: The Great Chicago Fire of 1871,Cynthia Smith,Library of Congress,2021-10-06,https://blogs.loc.gov/maps/2021/10/the-city-which-would-not-be-cowed-the-great-chicago-fire-of-1871/,curatorial_essay,2,discussion of the 1857 Palmatary view and fire mapping,2026-08-03,Blog text/images carry source-specific rights notices.,Curatorial context connecting pre-fire mapping to the 1871 disaster.
LOC_FIRELOT,The Chicago fire of October 1871,P. B. Greene and others,Library of Congress Prints and Photographs Division,1871,https://www.loc.gov/pictures/item/2004678818/,historic-photograph-collection,1,LOT 12054; 62 stereographs,2026-08-03,No known restrictions on publication; individual credit lines still required,Useful for row-level ruin identification and image acquisition.
LOC_WIGWAM_IMAGE,"The Republican Wigwam at Chicago in Which the Republican Convention Will Be Held—May 16, 1860",Unknown,Library of Congress Prints and Photographs Division,1860,https://www.loc.gov/pictures/item/2021652429/,digitized wood engraving,1,entire item record,2026-08-03,Rights advisory: no known restrictions on publication; credit Library of Congress,Downloadable TIFF/JPEG media candidate with reproduction number LC-USZ62-3772.
NEWBERRY_MAP1830,Map of Chicago in 1830,A. T. Andreas,Newberry Library Digital Collections,1884,https://collections.newberry.org/archive/-2KXJ8ZSSRP29B.html,digitized historical map,1,entire item,2026-08-03,No Copyright - United States; Newberry open-access item; credit repository,"High-resolution geospatial/media candidate showing shoreline, river, trails, buildings, and land claims as reconstructed in 1884."
NOR1844,General Directory and Business Advertiser of the City of Chicago for the Year 1844,J. W. Norris,Ellis & Fergus,1844,https://archive.org/details/generaldirectory1844norr,directory,A,directory and contemporary building summary,2026-08-03,Public domain,"Contemporary city directory; useful for occupancy and address corroboration, though not a permit inventory."
NOR1846,Norris' Chicago Business Directory for 1846,J. W. Norris,J. W. Norris,1846,https://archive.org/details/norrisbusinessdi01norr,directory,A,"printed pp. 5-9, 26, 29-32",2026-08-03,Public domain,"Contemporary aggregate evidence: reports 711 buildings erected in the preceding year, two large two-story brick public schools, two colleges, and 32 large brick business blocks."
NPSORIGSUBDIV,Map of Chicago Showing Original Subdivisions 1830-43,National Register of Historic Places documentation,National Park Service,,https://npgallery.nps.gov/GetAsset/41508ccc-7577-4233-b32c-bc2fae896028,map_in_report,B,map titled Map of Chicago Showing Original Subdivisions 1830-43,2026-08-03,U.S. federal-government report generally public domain; verify any credited inset,"""Candidate base for reconstructing early plats and land growth; use the report map only after checking its credit line."""
NPS_DUSABLE_NHL,Jean Baptiste Point Du Sable Homesite National Historic Landmark nomination,National Park Service,National Park Service,1976,https://npgallery.nps.gov/GetAsset/cb1c7799-41ba-4b49-8868-b936682c9520/,designation_record,1,PDF pp. 4-6; property inventory and historic narrative,2026-08-03,Federal record; reuse subject to item-specific materials,Primary authoritative source for the compound inventory; the site no longer retains the structures.
UCHIMAPS,Mapping Chicagoland Collection,University of Chicago Library,University of Chicago Library,,https://www.lib.uchicago.edu/collex/collections/mapping-chicagoland-collection/,map_collection,B,collection overview and linked digitized maps,2026-08-03,Item-level rights vary,Candidate repository for future map layers and historical cartographic control.
UCHI_OLDU,A City Builds a University,University of Chicago Library,University of Chicago,,https://www.lib.uchicago.edu/collex/exhibits/university-chicago-centennial-catalogues/university-and-city-centennial-view-university-chicago/city-builds-university/,institutional_history,1,Old University campus; south wing completed 1859,2026-08-03,Text citation permitted; check individual image metadata before reuse.,Clarifies that only the south wing was complete for 1859 classes; the main Douglas Hall mass followed by 1864.
UCHI_PHOTO,Old University of Chicago photographic archive record,University of Chicago Library,University of Chicago,,https://photoarchive.lib.uchicago.edu/db.xqy?one=apf2-05352.xml,archive_image_record,1,APF2-05352,2026-08-03,Rights depend on item record; use link/metadata unless explicit download permission is confirmed.,Media candidate showing the Old University; catalog notes the main building was later named Douglas Hall.
WIKI_STORYCAMP,Story-Camp Rowhouses,Wikipedia contributors,Wikimedia Foundation,,https://en.wikipedia.org/wiki/Story-Camp_Rowhouses,secondary-summary,3,infobox and description,2026-08-03,CC BY-SA text; linked nomination should replace this interim citation,"Interim lead for 1870 date, developers, and first owners; flagged for nomination-level verification."
WIKI_SWEDISHCLUB,Swedish Club of Chicago,Wikipedia contributors,Wikimedia Foundation,,https://en.wikipedia.org/wiki/Swedish_Club_of_Chicago,secondary-summary,3,infobox and description,2026-08-03,CC BY-SA text; Wikimedia image rights are item-specific,Interim lead for 1870 date; official register index confirms property identity but not the build year.
WMC1849MAP,1849 Rees & Rucker Map of Chicago and Vicinity,Rees & Rucker; William Clogher,Wikimedia Commons (scan sourced to Chicago Historical Society),1849,https://commons.wikimedia.org/wiki/File:1849_Rees_%26_Rucker_Map_of_Chicago_and_Vicinity.jpg,map_image,A,"file page; 4,973 x 6,601 pixel scan",2026-08-03,Public domain,High-resolution georeferencing/media candidate. Verify the Commons file page and embedded source metadata at ingest.
DRLOIH_WOLF_POINT_2018,"The Beginning of Wolf Point in Chicago, including the history of the Wolf Point Tavern",Neil Gale,Digital Research Library of Illinois History Journal,2018-11-09,https://drloihjournal.blogspot.com/2018/11/wolf-point-beginnings-in-chicago-illinois.html,secondary-summary,3,"Wolf Tavern, Miller House, Sauganash Hotel, and Green Tree Tavern paragraphs and image captions",2026-08-03,"Text and modern images may be copyrighted; item-level rights must be traced before reuse.",Research and visual-discovery lead only. Embedded Blogger images were not treated as archival provenance; the unlicensed George Yelich painting was excluded.
