map_id,reference_year,map_date,date_precision,title,creator,publisher,map_type,coverage,shows_building_footprints,georeference_status,source_url,local_image_path,width_px,height_px,rights_statement,credit_line,reliability,notes
MAP-1872-MAYER,1872,1872,exact,"Map of the city of Chicago","J. R. Mayer","United States Army Corps of Engineers",survey_city_map,"Chicago city and post-fire street/rail/water framework",limited,needs_georeferencing,https://commons.wikimedia.org/wiki/File:1872_Chicago_map_by_Mayer.jpg,maps/images/1872_mayer_map.jpg,3840,4550,public_domain,"Public-domain scan via Wikimedia Commons; UW-Milwaukee Libraries",high,"Projected from a trigonometrical survey at approximately 1:20,000; primary annual control for 1872. Local file is a reduced derivative of the 7,665-by-9,083-pixel Commons original."
MAP-1873-WARNER-BEERS,1873,1873,exact,"1873 Map of the City of Chicago","Warner & Beers","Warner & Beers",ward_and_city_map,"Chicago city limits, wards, streets, railroads, parks, boulevards, and water crib",no,needs_georeferencing,https://commons.wikimedia.org/wiki/File:1873_Chicago_map_by_Warner_%26_Beers.jpg,maps/images/1873_warner_beers_map.jpg,2317,2809,public_domain,"Public-domain scan via Wikimedia Commons; HJB Maps source",high,"Strong city-extent and transportation reference; not a systematic building-footprint survey."
MAP-1874-MITCHELL,1874,1874,exact,"Mitchell's plan of the city of Chicago, Illinois","S. Augustus Mitchell","S. Augustus Mitchell",city_map,"Chicago city and transport network",no,needs_georeferencing,https://commons.wikimedia.org/wiki/File:1874_Mitchell_Map_of_Chicago.jpg,maps/images/1874_mitchell_map.jpg,2500,3042,public_domain,"Public-domain scan via Wikimedia Commons; Geographicus Rare Antique Maps source",high,"Approximately 1:31,680 annual city reference. Use the separate 1874 bird's-eye only as pictorial context for the July fire event."
MAP-1874-FIRE,1874,1874,exact,"The City of Chicago, showing the burnt district","Currier & Ives; published in Harper's Weekly","Harper's Weekly",fire_event_birds_eye,"Bird's-eye city view published in connection with the July 14, 1874 fire; perspective view not drawn to scale",pictorial_only,pictorial_not_georeferenceable,https://commons.wikimedia.org/wiki/File:The_City_of_Chicago%2C_showing_the_burnt_district._LOC_75693037.jpg,maps/images/1874_fire_burnt_district.jpg,3840,2752,public_domain,"Library of Congress, Geography and Map Division, shelf G4104.C6A3 1874 .C5; public-domain scan via Wikimedia Commons",high,"Pictorial event reference only, not a fire-footprint geometry source. Do not warp or derive building fate/polygon boundaries from it. Local file is a reduced derivative of the 6,384-by-4,576-pixel Commons original."
MAP-1875-WARNER-BEERS,1875,1875,exact,"1875 Map of the City of Chicago","Warner & Beers","Warner & Beers",city_map,"Chicago city, wards, streets, parks, and railroads",no,needs_georeferencing,https://commons.wikimedia.org/wiki/File:1875_Chicago_map_by_Warner_%26_Beers.jpg,maps/images/1875_warner_beers_map.jpg,2076,2500,public_domain,"Public-domain scan via Wikimedia Commons; Geographicus Rare Antique Maps source",medium,"Useful annual reference; institutional repository metadata should be strengthened before survey-grade use."
MAP-1876-WARNER-BEERS,1876,1876,exact,"Map of Chicago City","Warner & Beers; Union Atlas Co.","Warner & Beers",ward_and_city_map,"Chicago wards, parks, lake tunnel, railroads, and sections",no,needs_georeferencing,https://commons.wikimedia.org/wiki/File:1876_Chicago_by_Warner_%26_Beers.jpg,maps/images/1876_warner_beers_map.jpg,3840,4887,public_domain,"Public-domain scan via Wikimedia Commons; David Rumsey Historical Map Collection 1159.006",high,"Approximately 1:35,500. Local file is a reduced derivative of the 4,053-by-5,158-pixel Commons original."
MAP-1877-MITCHELL,1877,1877,exact,"Mitchell's plan of the city of Chicago, Illinois","S. Augustus Mitchell","S. Augustus Mitchell",city_map,"Chicago city and surrounding transport framework",no,needs_georeferencing,https://commons.wikimedia.org/wiki/File:1877_Mitchell%27s_map_of_Chicago.jpg,maps/images/1877_mitchell_map.jpg,3453,4266,public_domain,"Public-domain scan via Wikimedia Commons; source credited by Commons to Antique Maps & Globes",medium,"Approximately 1:31,680; annual extent/street reference rather than building inventory. Institutional repository metadata should be added before survey-grade use."
MAP-1878-EDSALL,1878,1878,exact,"Travelers' and shippers' railway guide map of Chicago","D. A. Edsall & Co.","D. A. Edsall & Co.",railway_and_city_guide,"Chicago city, streets, railways, depots, and shipping framework",limited,needs_georeferencing,https://commons.wikimedia.org/wiki/File:1878_Travelers_and_shippers_railway_guide_map_of_Chicago.jpg,maps/images/1878_railway_guide_map.jpg,1920,2487,public_domain,"Public-domain scan via Wikimedia Commons; Norman B. Leventhal Map Center/Boston Public Library",high,"Approximately 1:12,000 and therefore a strong transportation and block-scale annual reference. Local file is a reduced derivative of the 6,828-by-8,845-pixel Commons original."
MAP-1879-KLINCKERFUS-RICHTER,1879,1879,exact,"Bird's Eye View of Chicago, 1879","Louis Klinckerfus; Jacob Richter",,birds_eye_view,"Built-up Chicago and lakefront in 1879",pictorial_only,pictorial_not_georeferenceable,https://commons.wikimedia.org/wiki/File:1879_Birds_eye_view_of_Chicago.jpg,maps/images/1879_birds_eye_view.jpg,3713,2453,public_domain,"Public-domain scan via Wikimedia Commons; Chicago Historical Society ICHi-05679",high,"Primary visual/massing reference, not cadastral geometry; use qualitatively and do not warp as a survey map."
