building_source_id,building_id,source_key,relationship
CHI-POSTFIRE-CHI1872-001-S01,CHI-POSTFIRE-CHI1872-001,CITYLANDMARKS_API,supports_record
CHI-POSTFIRE-CHI1872-001-S02,CHI-POSTFIRE-CHI1872-001,CITYLANDMARKS_WEB,supports_record
CHI-POSTFIRE-CHI1872-002-S01,CHI-POSTFIRE-CHI1872-002,CITYLANDMARKS_API,supports_record
CHI-POSTFIRE-CHI1872-002-S02,CHI-POSTFIRE-CHI1872-002,CITYLANDMARKS_WEB,supports_record
CHI-POSTFIRE-CHI1872-003-S01,CHI-POSTFIRE-CHI1872-003,CITYLANDMARKS_API,supports_record
CHI-POSTFIRE-CHI1872-003-S02,CHI-POSTFIRE-CHI1872-003,CITYLANDMARKS_WEB,supports_record
CHI-POSTFIRE-CHI1872-004-S01,CHI-POSTFIRE-CHI1872-004,CITYLANDMARKS_API,supports_record
CHI-POSTFIRE-CHI1872-004-S02,CHI-POSTFIRE-CHI1872-004,CITYLANDMARKS_WEB,supports_record
CHI-POSTFIRE-CHI1872-005-S01,CHI-POSTFIRE-CHI1872-005,CITYLANDMARKS_API,supports_record
CHI-POSTFIRE-CHI1872-005-S02,CHI-POSTFIRE-CHI1872-005,CITYLANDMARKS_WEB,supports_record
CHI-POSTFIRE-CHI1872-006-S01,CHI-POSTFIRE-CHI1872-006,AND1886V3,supports_record
CHI-POSTFIRE-CHI1872-007-S01,CHI-POSTFIRE-CHI1872-007,AND1886V3,supports_record
CHI-POSTFIRE-CHI1872-007-S02,CHI-POSTFIRE-CHI1872-007,TAYLOR1917CBOT,supports_record
CHI-POSTFIRE-CHI1872-007-S03,CHI-POSTFIRE-CHI1872-007,CHICAG_REBUILD,supports_record
CHI-POSTFIRE-CHI1872-008-S01,CHI-POSTFIRE-CHI1872-008,CHICAG_REBUILD,supports_record
CHI-POSTFIRE-CHI1872-009-S01,CHI-POSTFIRE-CHI1872-009,AND1886V3,supports_record
CHI-POSTFIRE-CHI1872-009-S02,CHI-POSTFIRE-CHI1872-009,CHICAG_REBUILD,supports_record
CHI-POSTFIRE-CHI1872-010-S01,CHI-POSTFIRE-CHI1872-010,AND1886V3,supports_record
CHI-POSTFIRE-CHI1872-010-S02,CHI-POSTFIRE-CHI1872-010,CHICAG_REBUILD,supports_record
CHI-POSTFIRE-CHI1872-011-S01,CHI-POSTFIRE-CHI1872-011,CHICAG_REBUILD,supports_record
CHI-POSTFIRE-CHI1872-012-S01,CHI-POSTFIRE-CHI1872-012,CHICAG_REBUILD,supports_record
CHI-POSTFIRE-CHI1872-013-S01,CHI-POSTFIRE-CHI1872-013,CHICAG_REBUILD,supports_record
CHI-POSTFIRE-CHI1872-014-S01,CHI-POSTFIRE-CHI1872-014,CHICAG_REBUILD,supports_record
CHI-POSTFIRE-CHI1872-015-S01,CHI-POSTFIRE-CHI1872-015,CHICAG_REBUILD,supports_record
CHI-POSTFIRE-CHI1872-016-S01,CHI-POSTFIRE-CHI1872-016,CHICAG_REBUILD,supports_record
CHI-POSTFIRE-CHI1872-017-S01,CHI-POSTFIRE-CHI1872-017,CHICAG_REBUILD,supports_record
CHI-POSTFIRE-CHI1872-018-S01,CHI-POSTFIRE-CHI1872-018,CHICAG_REBUILD,supports_record
CHI-POSTFIRE-CHI1872-019-S01,CHI-POSTFIRE-CHI1872-019,CHICAG_REBUILD,supports_record
CHI-POSTFIRE-CHI1872-020-S01,CHI-POSTFIRE-CHI1872-020,CHICAG_REBUILD,supports_record
CHI-POSTFIRE-CHI1872-021-S01,CHI-POSTFIRE-CHI1872-021,CHICAG_REBUILD,supports_record
CHI-POSTFIRE-CHI1872-022-S01,CHI-POSTFIRE-CHI1872-022,CHICAG_REBUILD,supports_record
CHI-POSTFIRE-CHI1872-023-S01,CHI-POSTFIRE-CHI1872-023,CHICAG_REBUILD,supports_record
CHI-POSTFIRE-CHI1872-024-S01,CHI-POSTFIRE-CHI1872-024,CHICAG_REBUILD,supports_record
CHI-POSTFIRE-CHI1872-025-S01,CHI-POSTFIRE-CHI1872-025,CHICAG_REBUILD,supports_record
CHI-POSTFIRE-CHI1872-026-S01,CHI-POSTFIRE-CHI1872-026,CHICAG_REBUILD,supports_record
CHI-POSTFIRE-CHI1872-027-S01,CHI-POSTFIRE-CHI1872-027,CHICAG_REBUILD,supports_record
CHI-POSTFIRE-CHI1872-028-S01,CHI-POSTFIRE-CHI1872-028,CHICAG_REBUILD,supports_record
CHI-POSTFIRE-CHI1872-029-S01,CHI-POSTFIRE-CHI1872-029,CHICAG_REBUILD,supports_record
CHI-POSTFIRE-CHI1872-030-S01,CHI-POSTFIRE-CHI1872-030,CHICAG_REBUILD,supports_record
CHI-POSTFIRE-CHI1872-031-S01,CHI-POSTFIRE-CHI1872-031,CHICAG_REBUILD,supports_record
CHI-POSTFIRE-CHI1872-032-S01,CHI-POSTFIRE-CHI1872-032,CHICAG_REBUILD,supports_record
CHI-POSTFIRE-CHI1872-033-S01,CHI-POSTFIRE-CHI1872-033,CHICAG_REBUILD,supports_record
CHI-POSTFIRE-CHI1872-034-S01,CHI-POSTFIRE-CHI1872-034,CHICAG_REBUILD,supports_record
CHI-POSTFIRE-CHI1872-035-S01,CHI-POSTFIRE-CHI1872-035,CHICAG_REBUILD,supports_record
CHI-POSTFIRE-CHI1872-036-S01,CHI-POSTFIRE-CHI1872-036,CHICAG_REBUILD,supports_record
CHI-POSTFIRE-CHI1872-037-S01,CHI-POSTFIRE-CHI1872-037,CHICAG_REBUILD,supports_record
CHI-POSTFIRE-CHI1872-038-S01,CHI-POSTFIRE-CHI1872-038,CHICAG_REBUILD,supports_record
CHI-POSTFIRE-CHI1872-039-S01,CHI-POSTFIRE-CHI1872-039,CHICAG_REBUILD,supports_record
CHI-POSTFIRE-CHI1872-040-S01,CHI-POSTFIRE-CHI1872-040,PRESCHI720,supports_record
CHI-POSTFIRE-CHI1872-041-S01,CHI-POSTFIRE-CHI1872-041,AND1886V3,supports_record
CHI-POSTFIRE-CHI1872-042-S01,CHI-POSTFIRE-CHI1872-042,AND1886V3,supports_record
CHI-POSTFIRE-CHI1872-043-S01,CHI-POSTFIRE-CHI1872-043,AND1886V3,supports_record
CHI-POSTFIRE-CHI1872-044-S01,CHI-POSTFIRE-CHI1872-044,AND1886V3,supports_record
CHI-POSTFIRE-CHI1872-045-S01,CHI-POSTFIRE-CHI1872-045,AND1886V3,supports_record
CHI-POSTFIRE-CHI1872-046-S01,CHI-POSTFIRE-CHI1872-046,AND1886V3,supports_record
CHI-POSTFIRE-CHI1872-046-S02,CHI-POSTFIRE-CHI1872-046,CHICAG_REBUILD,supports_record
CHI-POSTFIRE-CHI1872-047-S01,CHI-POSTFIRE-CHI1872-047,AND1886V3,supports_record
CHI-POSTFIRE-CHI1872-047-S02,CHI-POSTFIRE-CHI1872-047,CHICAG_REBUILD,supports_record
CHI-POSTFIRE-CHI1872-048-S01,CHI-POSTFIRE-CHI1872-048,AND1886V3,supports_record
CHI-POSTFIRE-CHI1872-048-S02,CHI-POSTFIRE-CHI1872-048,CHICAG_REBUILD,supports_record
CHI-POSTFIRE-CHI1872-049-S01,CHI-POSTFIRE-CHI1872-049,AND1886V3,supports_record
CHI-POSTFIRE-CHI1872-049-S02,CHI-POSTFIRE-CHI1872-049,CHICAG_REBUILD,supports_record
CHI-POSTFIRE-CHI1872-050-S01,CHI-POSTFIRE-CHI1872-050,AND1886V3,supports_record
CHI-POSTFIRE-CHI1872-051-S01,CHI-POSTFIRE-CHI1872-051,AND1886V3,supports_record
CHI-POSTFIRE-CHI1872-052-S01,CHI-POSTFIRE-CHI1872-052,AND1886V3,supports_record
CHI-POSTFIRE-CHI1872-053-S01,CHI-POSTFIRE-CHI1872-053,AND1886V3,supports_record
CHI-POSTFIRE-CHI1872-054-S01,CHI-POSTFIRE-CHI1872-054,AND1886V3,supports_record
CHI-POSTFIRE-CHI1872-055-S01,CHI-POSTFIRE-CHI1872-055,AND1886V3,supports_record
CHI-POSTFIRE-CHI1872-055-S02,CHI-POSTFIRE-CHI1872-055,CHICAG_REBUILD,supports_record
CHI-POSTFIRE-CHI1872-055-S03,CHI-POSTFIRE-CHI1872-055,CHM_METHODIST,supports_record
CHI-POSTFIRE-CHI1872-056-S01,CHI-POSTFIRE-CHI1872-056,AND1886V3,supports_record
CHI-POSTFIRE-CHI1872-057-S01,CHI-POSTFIRE-CHI1872-057,AND1886V3,supports_record
CHI-POSTFIRE-CHI1872-058-S01,CHI-POSTFIRE-CHI1872-058,AND1886V3,supports_record
CHI-POSTFIRE-CHI1872-059-S01,CHI-POSTFIRE-CHI1872-059,AND1886V3,supports_record
CHI-POSTFIRE-CHI1872-060-S01,CHI-POSTFIRE-CHI1872-060,AND1886V3,supports_record
CHI-POSTFIRE-CHI1872-061-S01,CHI-POSTFIRE-CHI1872-061,AND1886V3,supports_record
CHI-POSTFIRE-CHI1872-062-S01,CHI-POSTFIRE-CHI1872-062,AND1886V3,supports_record
CHI-POSTFIRE-CHI1872-063-S01,CHI-POSTFIRE-CHI1872-063,AND1886V3,supports_record
CHI-POSTFIRE-CHI1872-064-S01,CHI-POSTFIRE-CHI1872-064,AND1886V3,supports_record
CHI-POSTFIRE-CHI1872-065-S01,CHI-POSTFIRE-CHI1872-065,AND1886V3,supports_record
CHI-POSTFIRE-CHI1872-066-S01,CHI-POSTFIRE-CHI1872-066,AND1886V3,supports_record
CHI-POSTFIRE-CHI1872-067-S01,CHI-POSTFIRE-CHI1872-067,AND1886V3,supports_record
CHI-POSTFIRE-CHI1872-068-S01,CHI-POSTFIRE-CHI1872-068,AND1886V3,supports_record
CHI-POSTFIRE-CHI1872-069-S01,CHI-POSTFIRE-CHI1872-069,AND1886V3,supports_record
CHI-POSTFIRE-CHI1872-070-S01,CHI-POSTFIRE-CHI1872-070,AND1886V3,supports_record
CHI-POSTFIRE-CHI1872-071-S01,CHI-POSTFIRE-CHI1872-071,AND1886V3,supports_record
CHI-POSTFIRE-CHI1872-072-S01,CHI-POSTFIRE-CHI1872-072,AND1886V3,supports_record
CHI-POSTFIRE-CHI1872-073-S01,CHI-POSTFIRE-CHI1872-073,AND1886V3,supports_record
CHI-POSTFIRE-CHI1872-074-S01,CHI-POSTFIRE-CHI1872-074,AND1886V3,supports_record
CHI-POSTFIRE-CHI1872-075-S01,CHI-POSTFIRE-CHI1872-075,AND1886V3,supports_record
CHI-POSTFIRE-CHI1872-076-S01,CHI-POSTFIRE-CHI1872-076,AND1886V3,supports_record
CHI-POSTFIRE-CHI1872-077-S01,CHI-POSTFIRE-CHI1872-077,AND1886V3,supports_record
CHI-POSTFIRE-CHI1872-078-S01,CHI-POSTFIRE-CHI1872-078,AND1886V3,supports_record
CHI-POSTFIRE-CHI1872-079-S01,CHI-POSTFIRE-CHI1872-079,AND1886V3,supports_record
CHI-POSTFIRE-CHI1872-080-S01,CHI-POSTFIRE-CHI1872-080,AND1886V3,supports_record
CHI-POSTFIRE-CHI1872-081-S01,CHI-POSTFIRE-CHI1872-081,AND1886V3,supports_record
CHI-POSTFIRE-CHI1872-082-S01,CHI-POSTFIRE-CHI1872-082,AND1886V3,supports_record
CHI-POSTFIRE-CHI1872-083-S01,CHI-POSTFIRE-CHI1872-083,AND1886V3,supports_record
CHI-POSTFIRE-CHI1872-084-S01,CHI-POSTFIRE-CHI1872-084,AND1886V3,supports_record
CHI-POSTFIRE-CHI1872-085-S01,CHI-POSTFIRE-CHI1872-085,AND1886V3,supports_record
CHI-POSTFIRE-CHI1872-086-S01,CHI-POSTFIRE-CHI1872-086,AND1886V3,supports_record
CHI-POSTFIRE-CHI1872-087-S01,CHI-POSTFIRE-CHI1872-087,AND1886V3,supports_record
CHI-POSTFIRE-CHI1872-088-S01,CHI-POSTFIRE-CHI1872-088,AND1886V3,supports_record
CHI-POSTFIRE-CHI1872-089-S01,CHI-POSTFIRE-CHI1872-089,AND1886V3,supports_record
CHI-POSTFIRE-CHI1873-001-S01,CHI-POSTFIRE-CHI1873-001,AND1886V3,supports_record
CHI-POSTFIRE-CHI1873-001-S02,CHI-POSTFIRE-CHI1873-001,CHAMBERLIN1874,supports_record
CHI-POSTFIRE-CHI1873-001-S03,CHI-POSTFIRE-CHI1873-001,CHICAGOLOGY_REAPER,supports_record
CHI-POSTFIRE-CHI1873-002-S01,CHI-POSTFIRE-CHI1873-002,AND1886V3,supports_record
CHI-POSTFIRE-CHI1873-002-S02,CHI-POSTFIRE-CHI1873-002,CHICAGOLAKESIDE,supports_record
CHI-POSTFIRE-CHI1873-003-S01,CHI-POSTFIRE-CHI1873-003,AND1886V3,supports_record
CHI-POSTFIRE-CHI1873-003-S02,CHI-POSTFIRE-CHI1873-003,CHAMBERLIN1874,supports_record
CHI-POSTFIRE-CHI1873-003-S03,CHI-POSTFIRE-CHI1873-003,CHICAGOLOGY_TIMES,supports_record
CHI-POSTFIRE-CHI1873-004-S01,CHI-POSTFIRE-CHI1873-004,AND1886V3,supports_record
CHI-POSTFIRE-CHI1873-005-S01,CHI-POSTFIRE-CHI1873-005,AND1886V3,supports_record
CHI-POSTFIRE-CHI1873-006-S01,CHI-POSTFIRE-CHI1873-006,AND1886V3,supports_record
CHI-POSTFIRE-CHI1873-007-S01,CHI-POSTFIRE-CHI1873-007,AND1886V3,supports_record
CHI-POSTFIRE-CHI1873-008-S01,CHI-POSTFIRE-CHI1873-008,AND1886V3,supports_record
CHI-POSTFIRE-CHI1873-009-S01,CHI-POSTFIRE-CHI1873-009,AND1886V3,supports_record
CHI-POSTFIRE-CHI1873-010-S01,CHI-POSTFIRE-CHI1873-010,AND1886V3,supports_record
CHI-POSTFIRE-CHI1873-011-S01,CHI-POSTFIRE-CHI1873-011,AND1886V3,supports_record
CHI-POSTFIRE-CHI1873-012-S01,CHI-POSTFIRE-CHI1873-012,AND1886V3,supports_record
CHI-POSTFIRE-CHI1873-013-S01,CHI-POSTFIRE-CHI1873-013,AND1886V3,supports_record
CHI-POSTFIRE-CHI1873-014-S01,CHI-POSTFIRE-CHI1873-014,AND1886V3,supports_record
CHI-POSTFIRE-CHI1873-015-S01,CHI-POSTFIRE-CHI1873-015,AND1886V3,supports_record
CHI-POSTFIRE-CHI1873-016-S01,CHI-POSTFIRE-CHI1873-016,AND1886V3,supports_record
CHI-POSTFIRE-CHI1873-017-S01,CHI-POSTFIRE-CHI1873-017,AND1886V3,supports_record
CHI-POSTFIRE-CHI1873-018-S01,CHI-POSTFIRE-CHI1873-018,AND1886V3,supports_record
CHI-POSTFIRE-CHI1873-019-S01,CHI-POSTFIRE-CHI1873-019,LOC1873EXPO,supports_record
CHI-POSTFIRE-CHI1873-019-S02,CHI-POSTFIRE-CHI1873-019,AICEXPO,supports_record
CHI-POSTFIRE-CHI1873-020-S01,CHI-POSTFIRE-CHI1873-020,AND1886V3,supports_record
CHI-POSTFIRE-CHI1873-021-S01,CHI-POSTFIRE-CHI1873-021,AND1886V3,supports_record
CHI-POSTFIRE-CHI1873-022-S01,CHI-POSTFIRE-CHI1873-022,AND1886V3,supports_record
CHI-POSTFIRE-CHI1873-023-S01,CHI-POSTFIRE-CHI1873-023,AND1886V3,supports_record
CHI-POSTFIRE-CHI1873-024-S01,CHI-POSTFIRE-CHI1873-024,AND1886V3,supports_record
CHI-POSTFIRE-CHI1873-025-S01,CHI-POSTFIRE-CHI1873-025,AND1886V3,supports_record
CHI-POSTFIRE-CHI1873-026-S01,CHI-POSTFIRE-CHI1873-026,AND1886V3,supports_record
CHI-POSTFIRE-CHI1873-027-S01,CHI-POSTFIRE-CHI1873-027,AND1886V3,supports_record
CHI-POSTFIRE-CHI1873-028-S01,CHI-POSTFIRE-CHI1873-028,AND1886V3,supports_record
CHI-POSTFIRE-CHI1873-029-S01,CHI-POSTFIRE-CHI1873-029,AND1886V3,supports_record
CHI-POSTFIRE-CHI1873-030-S01,CHI-POSTFIRE-CHI1873-030,AND1886V3,supports_record
CHI-POSTFIRE-CHI1873-031-S01,CHI-POSTFIRE-CHI1873-031,AND1886V3,supports_record
CHI-POSTFIRE-CHI1873-032-S01,CHI-POSTFIRE-CHI1873-032,CPLHIST,supports_record
CHI-POSTFIRE-CHI1873-032-S02,CHI-POSTFIRE-CHI1873-032,CPLARCH,supports_record
CHI-POSTFIRE-CHI1873-033-S01,CHI-POSTFIRE-CHI1873-033,AND1886V3,supports_record
CHI-POSTFIRE-CHI1873-034-S01,CHI-POSTFIRE-CHI1873-034,LOCOLMSTED,supports_record
CHI-POSTFIRE-CHI1873-035-S01,CHI-POSTFIRE-CHI1873-035,CHAMBERLIN1874,supports_record
CHI-POSTFIRE-CHI1873-035-S02,CHI-POSTFIRE-CHI1873-035,CHICAGOLOGY_DEPOT,supports_record
CHI-POSTFIRE-CHI1873-036-S01,CHI-POSTFIRE-CHI1873-036,CHAMBERLIN1874,supports_record
CHI-POSTFIRE-CHI1873-036-S02,CHI-POSTFIRE-CHI1873-036,CHICAGOLOGY_LASALLE,supports_record
CHI-POSTFIRE-CHI1873-037-S01,CHI-POSTFIRE-CHI1873-037,CHAMBERLIN1874,supports_record
CHI-POSTFIRE-CHI1873-037-S02,CHI-POSTFIRE-CHI1873-037,CHICAGOLOGY_HONORE,supports_record
CHI-POSTFIRE-CHI1873-038-S01,CHI-POSTFIRE-CHI1873-038,CHICAGOLOGY_SINGER,supports_record
CHI-POSTFIRE-CHI1873-039-S01,CHI-POSTFIRE-CHI1873-039,CHICAGOLOGY_STAATS,supports_record
CHI-POSTFIRE-CHI1873-040-S01,CHI-POSTFIRE-CHI1873-040,CHICAGOLOGY_METHODIST,supports_record
CHI-POSTFIRE-CHI1873-041-S01,CHI-POSTFIRE-CHI1873-041,CITYLANDMARKSAPI,supports_record
CHI-POSTFIRE-CHI1873-041-S02,CHI-POSTFIRE-CHI1873-041,CITYCOUNCIL_WASHINGTON,supports_record
CHI-POSTFIRE-CHI1873-042-S01,CHI-POSTFIRE-CHI1873-042,CITYCOUNCIL_LAKEFRANKLIN,supports_record
CHI-POSTFIRE-CHI1873-043-S01,CHI-POSTFIRE-CHI1873-043,CITYCOUNCIL_LAKEFRANKLIN,supports_record
CHI-POSTFIRE-CHI1873-044-S01,CHI-POSTFIRE-CHI1873-044,AND1886V3,supports_record
CHI-POSTFIRE-CHI1873-045-S01,CHI-POSTFIRE-CHI1873-045,AND1886V3,supports_record
CHI-POSTFIRE-CHI1873-046-S01,CHI-POSTFIRE-CHI1873-046,AND1886V3,supports_record
CHI-POSTFIRE-CHI1873-047-S01,CHI-POSTFIRE-CHI1873-047,AND1886V3,supports_record
CHI-POSTFIRE-CHI1873-048-S01,CHI-POSTFIRE-CHI1873-048,AND1886V3,supports_record
CHI-POSTFIRE-CHI1873-049-S01,CHI-POSTFIRE-CHI1873-049,AND1886V3,supports_record
CHI-POSTFIRE-CHI1873-050-S01,CHI-POSTFIRE-CHI1873-050,AND1886V3,supports_record
CHI-POSTFIRE-CHI1873-051-S01,CHI-POSTFIRE-CHI1873-051,AND1886V3,supports_record
CHI-POSTFIRE-CHI1873-052-S01,CHI-POSTFIRE-CHI1873-052,AND1886V3,supports_record
CHI-POSTFIRE-CHI1873-053-S01,CHI-POSTFIRE-CHI1873-053,HOLYTRINITY2017,supports_record
CHI-POSTFIRE-CHI-1874-001-S01,CHI-POSTFIRE-CHI-1874-001,ANDREAS_V3,supports_record
CHI-POSTFIRE-CHI-1874-002-S01,CHI-POSTFIRE-CHI-1874-002,CHM_CRIMINAL,supports_record
CHI-POSTFIRE-CHI-1874-002-S02,CHI-POSTFIRE-CHI-1874-002,CHICAGOLOGY_CRIMINAL,supports_record
CHI-POSTFIRE-CHI-1874-003-S01,CHI-POSTFIRE-CHI-1874-003,CHICAGOLOGY_AMEX,supports_record
CHI-POSTFIRE-CHI-1874-004-S01,CHI-POSTFIRE-CHI-1874-004,CITY_WASHINGTON,supports_record
CHI-POSTFIRE-CHI-1874-005-S01,CHI-POSTFIRE-CHI-1874-005,CHICAGOLOGY_HOYT,supports_record
CHI-POSTFIRE-CHI-1874-006-S01,CHI-POSTFIRE-CHI-1874-006,ANDREAS_V3,supports_record
CHI-POSTFIRE-CHI-1874-007-S01,CHI-POSTFIRE-CHI-1874-007,ANDREAS_V3,supports_record
CHI-POSTFIRE-CHI-1874-008-S01,CHI-POSTFIRE-CHI-1874-008,ANDREAS_V3,supports_record
CHI-POSTFIRE-CHI-1874-009-S01,CHI-POSTFIRE-CHI-1874-009,ANDREAS_V3,supports_record
CHI-POSTFIRE-CHI-1874-010-S01,CHI-POSTFIRE-CHI-1874-010,CITY_ENGINE27,supports_record
CHI-POSTFIRE-CHI-1874-011-S01,CHI-POSTFIRE-CHI-1874-011,ANDREAS_V3,supports_record
CHI-POSTFIRE-CHI-1874-011-S02,CHI-POSTFIRE-CHI-1874-011,FOURTH_HISTORY,supports_record
CHI-POSTFIRE-CHI-1874-012-S01,CHI-POSTFIRE-CHI-1874-012,CITY_SECOND_PRES,supports_record
CHI-POSTFIRE-CHI-1874-012-S02,CHI-POSTFIRE-CHI-1874-012,EOC_CHURCH_ARCH,supports_record
CHI-POSTFIRE-CHI-1874-013-S01,CHI-POSTFIRE-CHI-1874-013,ANDREAS_V3,supports_record
CHI-POSTFIRE-CHI-1874-014-S01,CHI-POSTFIRE-CHI-1874-014,ANDREAS_V3,supports_record
CHI-POSTFIRE-CHI-1874-015-S01,CHI-POSTFIRE-CHI-1874-015,ANDREAS_V3,supports_record
CHI-POSTFIRE-CHI-1874-016-S01,CHI-POSTFIRE-CHI-1874-016,CITY_IGNATIUS,supports_record
CHI-POSTFIRE-CHI-1874-017-S01,CHI-POSTFIRE-CHI-1874-017,CITY_WARD,supports_record
CHI-POSTFIRE-CHI-1874-018-S01,CHI-POSTFIRE-CHI-1874-018,CITY_JACKSON,supports_record
CHI-POSTFIRE-CHI-1874-019-S01,CHI-POSTFIRE-CHI-1874-019,CITY_RACE,supports_record
CHI-POSTFIRE-CHI-1874-020-S01,CHI-POSTFIRE-CHI-1874-020,OLD_TOWN_NRHP,supports_record
CHI-POSTFIRE-CHI-1874-020-S02,CHI-POSTFIRE-CHI-1874-020,UIUC_WACKER_IMAGE,supports_record
CHI-POSTFIRE-CHI-1874-021-S01,CHI-POSTFIRE-CHI-1874-021,OLD_TOWN_NRHP,supports_record
CHI-POSTFIRE-CHI-1874-022-S01,CHI-POSTFIRE-CHI-1874-022,ANDREAS_V3,supports_record
CHI-POSTFIRE-CHI-1874-023-S01,CHI-POSTFIRE-CHI-1874-023,ANDREAS_V3,supports_record
CHI-POSTFIRE-CHI-1874-024-S01,CHI-POSTFIRE-CHI-1874-024,EOC_CHURCH_ARCH,supports_record
CHI-POSTFIRE-CHI-1874-025-S01,CHI-POSTFIRE-CHI-1874-025,ANDREAS_V3,supports_record
CHI-POSTFIRE-CHI1875-001-S01,CHI-POSTFIRE-CHI1875-001,ANDREAS_V3,supports_record
CHI-POSTFIRE-CHI1875-001-S02,CHI-POSTFIRE-CHI1875-001,CAC_HOLY_NAME,supports_record
CHI-POSTFIRE-CHI1875-001-S03,CHI-POSTFIRE-CHI1875-001,EOC_CHURCH_ARCH,supports_record
CHI-POSTFIRE-CHI1875-002-S01,CHI-POSTFIRE-CHI1875-002,ANDREAS_V3,supports_record
CHI-POSTFIRE-CHI1875-002-S02,CHI-POSTFIRE-CHI1875-002,STJAMES_HISTORY,supports_record
CHI-POSTFIRE-CHI1875-002-S03,CHI-POSTFIRE-CHI1875-002,DRIEHAUS_BURLING,supports_record
CHI-POSTFIRE-CHI1875-002-S04,CHI-POSTFIRE-CHI1875-002,EOC_CHURCH_ARCH,supports_record
CHI-POSTFIRE-CHI1875-003-S01,CHI-POSTFIRE-CHI1875-003,ANDREAS_V3,supports_record
CHI-POSTFIRE-CHI1875-003-S02,CHI-POSTFIRE-CHI1875-003,MOODY_HISTORY,supports_record
CHI-POSTFIRE-CHI1875-003-S03,CHI-POSTFIRE-CHI1875-003,EOC_CHURCH_ARCH,supports_record
CHI-POSTFIRE-CHI1875-004-S01,CHI-POSTFIRE-CHI1875-004,ANDREAS_V3,supports_record
CHI-POSTFIRE-CHI1875-004-S02,CHI-POSTFIRE-CHI1875-004,PRES_CHI_OLIVET,supports_record
CHI-POSTFIRE-CHI1875-005-S01,CHI-POSTFIRE-CHI1875-005,ANDREAS_V3,supports_record
CHI-POSTFIRE-CHI1875-006-S01,CHI-POSTFIRE-CHI1875-006,ANDREAS_V3,supports_record
CHI-POSTFIRE-CHI1875-007-S01,CHI-POSTFIRE-CHI1875-007,KAM_EVOLUTION,supports_record
CHI-POSTFIRE-CHI1875-008-S01,CHI-POSTFIRE-CHI1875-008,FLPS_SINAI,supports_record
CHI-POSTFIRE-CHI1875-009-S01,CHI-POSTFIRE-CHI1875-009,ANDREAS_V3,supports_record
CHI-POSTFIRE-CHI1875-010-S01,CHI-POSTFIRE-CHI1875-010,CITY_WARD,supports_record
CHI-POSTFIRE-CHI1875-011-S01,CHI-POSTFIRE-CHI1875-011,ANDREAS_V3,supports_record
CHI-POSTFIRE-CHI1875-012-S01,CHI-POSTFIRE-CHI1875-012,CITY_INDIVIDUAL_LANDMARKS,supports_record
CHI-POSTFIRE-CHI1875-013-S01,CHI-POSTFIRE-CHI1875-013,CHICAGOLOGY_CYRUS,supports_record
CHI-POSTFIRE-CHI1875-014-S01,CHI-POSTFIRE-CHI1875-014,NPS_EMMEL,supports_record
CHI-POSTFIRE-CHI1875-015-S01,CHI-POSTFIRE-CHI1875-015,NPS_WALLER,supports_record
CHI-POSTFIRE-CHI1875-016-S01,CHI-POSTFIRE-CHI1875-016,CITY_HBA,supports_record
CHI-POSTFIRE-CHI1875-016-S02,CHI-POSTFIRE-CHI1875-016,CITY_HBA_COUNCIL,supports_record
CHI-POSTFIRE-CHI1875-017-S01,CHI-POSTFIRE-CHI1875-017,CITY_HBA,supports_record
CHI-POSTFIRE-CHI1875-017-S02,CHI-POSTFIRE-CHI1875-017,CITY_HBA_COUNCIL,supports_record
CHI-POSTFIRE-CHI1875-018-S01,CHI-POSTFIRE-CHI1875-018,CITY_LAKE_FRANKLIN,supports_record
CHI-POSTFIRE-CHI1875-018-S02,CHI-POSTFIRE-CHI1875-018,CITY_NEAR_NORTH_REPORT,supports_record
CHI-POSTFIRE-CHI1875-019-S01,CHI-POSTFIRE-CHI1875-019,CITY_INDIVIDUAL_LANDMARKS,supports_record
CHI-POSTFIRE-CHI1875-019-S02,CHI-POSTFIRE-CHI1875-019,CITY_UNION_GATE,supports_record
CHI-POSTFIRE-CHI1875-020-S01,CHI-POSTFIRE-CHI1875-020,ANDREAS_V3,supports_record
CHI-POSTFIRE-CHI1875-021-S01,CHI-POSTFIRE-CHI1875-021,ANDREAS_V3,supports_record
CHI-POSTFIRE-CHI1875-022-S01,CHI-POSTFIRE-CHI1875-022,ANDREAS_V3,supports_record
CHI-POSTFIRE-CHI1875-023-S01,CHI-POSTFIRE-CHI1875-023,ANDREAS_V3,supports_record
CHI-POSTFIRE-CHI1875-024-S01,CHI-POSTFIRE-CHI1875-024,ANDREAS_V3,supports_record
CHI-POSTFIRE-CHI1875-025-S01,CHI-POSTFIRE-CHI1875-025,ANDREAS_V3,supports_record
CHI-POSTFIRE-CHI1875-026-S01,CHI-POSTFIRE-CHI1875-026,ANDREAS_V3,supports_record
CHI-POSTFIRE-CHI1875-027-S01,CHI-POSTFIRE-CHI1875-027,ANDREAS_V3,supports_record
CHI-POSTFIRE-CHI1875-028-S01,CHI-POSTFIRE-CHI1875-028,ANDREAS_V3,supports_record
CHI-POSTFIRE-CHI1875-029-S01,CHI-POSTFIRE-CHI1875-029,ANDREAS_V3,supports_record
CHI-POSTFIRE-CHI1875-030-S01,CHI-POSTFIRE-CHI1875-030,ANDREAS_V3,supports_record
CHI-POSTFIRE-CHI1875-031-S01,CHI-POSTFIRE-CHI1875-031,CITY_BURLING_ROWS,supports_record
CHI-POSTFIRE-CHI1875-031-S02,CHI-POSTFIRE-CHI1875-031,DRIEHAUS_BURLING,supports_record
CHI-POSTFIRE-CHI1875-032-S01,CHI-POSTFIRE-CHI1875-032,CITY_FREMONT_ROWS,supports_record
CHI-POSTFIRE-CHI1875-032-S02,CHI-POSTFIRE-CHI1875-032,DRIEHAUS_BURLING,supports_record
CHI-POSTFIRE-CHI1875-033-S01,CHI-POSTFIRE-CHI1875-033,CITY_LINCOLN_ROWS,supports_record
CHI-POSTFIRE-CHI1875-034-S01,CHI-POSTFIRE-CHI1875-034,CITY_DUPONT,supports_record
CHI-POSTFIRE-CHI1875-035-S01,CHI-POSTFIRE-CHI1875-035,ANDREAS_V3,supports_record
CHI-POSTFIRE-CHI1875-036-S01,CHI-POSTFIRE-CHI1875-036,ANDREAS_V3,supports_record
CHI-POSTFIRE-CHI1875-037-S01,CHI-POSTFIRE-CHI1875-037,ANDREAS_V3,supports_record
CHI-POSTFIRE-CHI1875-038-S01,CHI-POSTFIRE-CHI1875-038,ANDREAS_V3,supports_record
CHI-POSTFIRE-CHI1876-001-S01,CHI-POSTFIRE-CHI1876-001,ANDREAS_V3,supports_record
CHI-POSTFIRE-CHI1876-002-S01,CHI-POSTFIRE-CHI1876-002,ANDREAS_V3,supports_record
CHI-POSTFIRE-CHI1876-003-S01,CHI-POSTFIRE-CHI1876-003,ANDREAS_V3,supports_record
CHI-POSTFIRE-CHI1876-004-S01,CHI-POSTFIRE-CHI1876-004,ANDREAS_V3,supports_record
CHI-POSTFIRE-CHI1876-005-S01,CHI-POSTFIRE-CHI1876-005,ANDREAS_V3,supports_record
CHI-POSTFIRE-CHI1876-006-S01,CHI-POSTFIRE-CHI1876-006,ANDREAS_V3,supports_record
CHI-POSTFIRE-CHI1876-007-S01,CHI-POSTFIRE-CHI1876-007,ANDREAS_V3,supports_record
CHI-POSTFIRE-CHI1876-008-S01,CHI-POSTFIRE-CHI1876-008,ANDREAS_V3,supports_record
CHI-POSTFIRE-CHI1876-009-S01,CHI-POSTFIRE-CHI1876-009,ANDREAS_V3,supports_record
CHI-POSTFIRE-CHI1876-010-S01,CHI-POSTFIRE-CHI1876-010,ANDREAS_V3,supports_record
CHI-POSTFIRE-CHI1876-011-S01,CHI-POSTFIRE-CHI1876-011,ANDREAS_V3,supports_record
CHI-POSTFIRE-CHI1876-011-S02,CHI-POSTFIRE-CHI1876-011,CPL_CITYWIDE,supports_record
CHI-POSTFIRE-CHI1876-011-S03,CHI-POSTFIRE-CHI1876-011,NEWBERRY_CHURCH_GUIDE,supports_record
CHI-POSTFIRE-CHI1876-012-S01,CHI-POSTFIRE-CHI1876-012,ANDREAS_V3,supports_record
CHI-POSTFIRE-CHI1876-013-S01,CHI-POSTFIRE-CHI1876-013,ANDREAS_V3,supports_record
CHI-POSTFIRE-CHI1876-013-S02,CHI-POSTFIRE-CHI1876-013,FLPS_SINAI_1876,supports_record
CHI-POSTFIRE-CHI1876-014-S01,CHI-POSTFIRE-CHI1876-014,ANDREAS_V3,supports_record
CHI-POSTFIRE-CHI1876-015-S01,CHI-POSTFIRE-CHI1876-015,ANDREAS_V3,supports_record
CHI-POSTFIRE-CHI1876-016-S01,CHI-POSTFIRE-CHI1876-016,ANDREAS_V3,supports_record
CHI-POSTFIRE-CHI1876-017-S01,CHI-POSTFIRE-CHI1876-017,CITY_DUPONT,supports_record
CHI-POSTFIRE-CHI1876-017-S02,CHI-POSTFIRE-CHI1876-017,CITY_LANDMARKS_API,supports_record
CHI-POSTFIRE-CHI1876-018-S01,CHI-POSTFIRE-CHI1876-018,UMN_PULLMAN,supports_record
CHI-POSTFIRE-CHI1876-018-S02,CHI-POSTFIRE-CHI1876-018,AIC_ARCH_INDEX,supports_record
CHI-POSTFIRE-CHI1876-018-S03,CHI-POSTFIRE-CHI1876-018,NPS_PRAIRIE,supports_record
CHI-POSTFIRE-CHI1876-019-S01,CHI-POSTFIRE-CHI1876-019,NPS_WALLER,supports_record
CHI-POSTFIRE-CHI1876-020-S01,CHI-POSTFIRE-CHI1876-020,CHICAGOLOGY_CLUB,supports_record
CHI-POSTFIRE-CHI1876-021-S01,CHI-POSTFIRE-CHI1876-021,OLD_MONROE,supports_record
CHI-POSTFIRE-CHI1876-021-S02,CHI-POSTFIRE-CHI1876-021,HAYES_MOODY,supports_record
CHI-POSTFIRE-CHI1876-022-S01,CHI-POSTFIRE-CHI1876-022,ANDREAS_V3,supports_record
CHI-POSTFIRE-CHI1876-023-S01,CHI-POSTFIRE-CHI1876-023,ANDREAS_V3,supports_record
CHI-POSTFIRE-CHI1876-024-S01,CHI-POSTFIRE-CHI1876-024,ANDREAS_V3,supports_record
CHI-POSTFIRE-CHI1876-025-S01,CHI-POSTFIRE-CHI1876-025,ANDREAS_V3,supports_record
CHI-POSTFIRE-CHI1876-026-S01,CHI-POSTFIRE-CHI1876-026,ANDREAS_V3,supports_record
CHI-POSTFIRE-CHI1876-027-S01,CHI-POSTFIRE-CHI1876-027,ANDREAS_V3,supports_record
CHI-POSTFIRE-CHI1876-028-S01,CHI-POSTFIRE-CHI1876-028,ANDREAS_V3,supports_record
CHI-POSTFIRE-CHI1877-001-S01,CHI-POSTFIRE-CHI1877-001,ANDREAS_V3,supports_record
CHI-POSTFIRE-CHI1877-002-S01,CHI-POSTFIRE-CHI1877-002,ANDREAS_V3,supports_record
CHI-POSTFIRE-CHI1877-003-S01,CHI-POSTFIRE-CHI1877-003,ANDREAS_V3,supports_record
CHI-POSTFIRE-CHI1877-004-S01,CHI-POSTFIRE-CHI1877-004,ANDREAS_V3,supports_record
CHI-POSTFIRE-CHI1877-005-S01,CHI-POSTFIRE-CHI1877-005,ANDREAS_V3,supports_record
CHI-POSTFIRE-CHI1877-006-S01,CHI-POSTFIRE-CHI1877-006,ANDREAS_V3,supports_record
CHI-POSTFIRE-CHI1877-007-S01,CHI-POSTFIRE-CHI1877-007,ANDREAS_V3,supports_record
CHI-POSTFIRE-CHI1877-008-S01,CHI-POSTFIRE-CHI1877-008,ANDREAS_V3,supports_record
CHI-POSTFIRE-CHI1877-009-S01,CHI-POSTFIRE-CHI1877-009,ANDREAS_V3,supports_record
CHI-POSTFIRE-CHI1877-010-S01,CHI-POSTFIRE-CHI1877-010,ANDREAS_V3,supports_record
CHI-POSTFIRE-CHI1877-011-S01,CHI-POSTFIRE-CHI1877-011,STSTANS_HISTORY,supports_record
CHI-POSTFIRE-CHI1877-012-S01,CHI-POSTFIRE-CHI1877-012,POSTCARD_COLUMBKILLE,supports_record
CHI-POSTFIRE-CHI1877-013-S01,CHI-POSTFIRE-CHI1877-013,CHICAGOLOGY_CCH,supports_record
CHI-POSTFIRE-CHI1877-013-S02,CHI-POSTFIRE-CHI1877-013,DREXEL_WMHC,supports_record
CHI-POSTFIRE-CHI1877-013-S03,CHI-POSTFIRE-CHI1877-013,ENCYC_CHI_WMHC,supports_record
CHI-POSTFIRE-CHI1877-014-S01,CHI-POSTFIRE-CHI1877-014,CHICAGOLOGY_CHS,supports_record
CHI-POSTFIRE-CHI1877-014-S02,CHI-POSTFIRE-CHI1877-014,CHS_1906,supports_record
CHI-POSTFIRE-CHI1877-015-S01,CHI-POSTFIRE-CHI1877-015,CITY_LANDMARKS_DATA,supports_record
CHI-POSTFIRE-CHI1877-015-S02,CHI-POSTFIRE-CHI1877-015,CITY_HBA,supports_record
CHI-POSTFIRE-CHI1877-015-S03,CHI-POSTFIRE-CHI1877-015,CHICAGOLOGY_HBA,supports_record
CHI-POSTFIRE-CHI1877-016-S01,CHI-POSTFIRE-CHI1877-016,CITY_LANDMARKS_DATA,supports_record
CHI-POSTFIRE-CHI1877-016-S02,CHI-POSTFIRE-CHI1877-016,PRES_CHI_ERIE,supports_record
CHI-POSTFIRE-CHI1877-017-S01,CHI-POSTFIRE-CHI1877-017,CHICAGOLOGY_SMITH,supports_record
CHI-POSTFIRE-CHI1877-018-S01,CHI-POSTFIRE-CHI1877-018,CHICAGOLOGY_BRUNSWICK,supports_record
CHI-POSTFIRE-CHI1877-019-S01,CHI-POSTFIRE-CHI1877-019,CHICAGOLOGY_HBA,supports_record
CHI-POSTFIRE-CHI1877-020-S01,CHI-POSTFIRE-CHI1877-020,CHICAGOLOGY_HBA,supports_record
CHI-POSTFIRE-CHI1877-021-S01,CHI-POSTFIRE-CHI1877-021,ANDREAS_V3,supports_record
CHI-POSTFIRE-CHI1877-022-S01,CHI-POSTFIRE-CHI1877-022,CHICAGOLOGY_EXPO,supports_record
CHI-POSTFIRE-CHI1877-023-S01,CHI-POSTFIRE-CHI1877-023,CHICAGOLOGY_WATER,supports_record
CHI-POSTFIRE-CHI1877-024-S01,CHI-POSTFIRE-CHI1877-024,ANDREAS_V3,supports_record
CHI-POSTFIRE-CHI1877-025-S01,CHI-POSTFIRE-CHI1877-025,ANDREAS_V3,supports_record
CHI-POSTFIRE-CHI1877-026-S01,CHI-POSTFIRE-CHI1877-026,ANDREAS_V3,supports_record
CHI-POSTFIRE-CHI1877-026-S02,CHI-POSTFIRE-CHI1877-026,CHICAGOLOGY_GOVT,supports_record
CHI-POSTFIRE-CHI1878-001-S01,CHI-POSTFIRE-CHI1878-001,ANDREAS_V3,supports_record
CHI-POSTFIRE-CHI1878-001-S02,CHI-POSTFIRE-CHI1878-001,ICSJ_PARISH_HISTORY,supports_record
CHI-POSTFIRE-CHI1878-002-S01,CHI-POSTFIRE-CHI1878-002,ANDREAS_V3,supports_record
CHI-POSTFIRE-CHI1878-003-S01,CHI-POSTFIRE-CHI1878-003,ANDREAS_V3,supports_record
CHI-POSTFIRE-CHI1878-004-S01,CHI-POSTFIRE-CHI1878-004,ANDREAS_V3,supports_record
CHI-POSTFIRE-CHI1878-005-S01,CHI-POSTFIRE-CHI1878-005,ANDREAS_V3,supports_record
CHI-POSTFIRE-CHI1878-005-S02,CHI-POSTFIRE-CHI1878-005,MAP_1878_EDSALL,supports_record
CHI-POSTFIRE-CHI1878-006-S01,CHI-POSTFIRE-CHI1878-006,ANDREAS_V3,supports_record
CHI-POSTFIRE-CHI1878-007-S01,CHI-POSTFIRE-CHI1878-007,CONGRESSIONAL_RECORD_1878,supports_record
CHI-POSTFIRE-CHI1878-007-S02,CHI-POSTFIRE-CHI1878-007,CHICAGOLOGY_GOVT,supports_record
CHI-POSTFIRE-CHI1878-008-S01,CHI-POSTFIRE-CHI1878-008,CHICAGOLOGY_ARMORY,supports_record
CHI-POSTFIRE-CHI1878-008-S02,CHI-POSTFIRE-CHI1878-008,ANDREAS_V3,supports_record
CHI-POSTFIRE-CHI1878-009-S01,CHI-POSTFIRE-CHI1878-009,CHICAGOLOGY_ACADEMY,supports_record
CHI-POSTFIRE-CHI1878-010-S01,CHI-POSTFIRE-CHI1878-010,ANDREAS_V3,supports_record
CHI-POSTFIRE-CHI1878-010-S02,CHI-POSTFIRE-CHI1878-010,ARCHDICT_THOMAS,supports_record
CHI-POSTFIRE-CHI1878-011-S01,CHI-POSTFIRE-CHI1878-011,ANDREAS_V3,supports_record
CHI-POSTFIRE-CHI1878-012-S01,CHI-POSTFIRE-CHI1878-012,ANDREAS_V3,supports_record
CHI-POSTFIRE-CHI1878-013-S01,CHI-POSTFIRE-CHI1878-013,ANDREAS_V3,supports_record
CHI-POSTFIRE-CHI1878-013-S02,CHI-POSTFIRE-CHI1878-013,ENCYC_CHI_GOOD_SHEPHERD,supports_record
CHI-POSTFIRE-CHI1878-014-S01,CHI-POSTFIRE-CHI1878-014,ANDREAS_V3,supports_record
CHI-POSTFIRE-CHI1878-015-S01,CHI-POSTFIRE-CHI1878-015,ANDREAS_V3,supports_record
CHI-POSTFIRE-CHI1878-016-S01,CHI-POSTFIRE-CHI1878-016,NPS_WASHINGTON_SQUARE,supports_record
CHI-POSTFIRE-CHI1878-016-S02,CHI-POSTFIRE-CHI1878-016,ANDREAS_V3,supports_record
CHI-POSTFIRE-CHI1878-017-S01,CHI-POSTFIRE-CHI1878-017,NPS_WASHINGTON_SQUARE,supports_record
CHI-POSTFIRE-CHI1878-018-S01,CHI-POSTFIRE-CHI1878-018,NPS_WASHINGTON_SQUARE,supports_record
CHI-POSTFIRE-CHI1878-019-S01,CHI-POSTFIRE-CHI1878-019,OLD_MONROE_1914,supports_record
CHI-POSTFIRE-CHI1878-019-S02,CHI-POSTFIRE-CHI1878-019,AIC_CRILLY_FINDING_AID,supports_record
CHI-POSTFIRE-CHI1878-020-S01,CHI-POSTFIRE-CHI1878-020,ARCHDICT_THOMAS,supports_record
CHI-POSTFIRE-CHI1878-020-S02,CHI-POSTFIRE-CHI1878-020,ANDREAS_V3,supports_record
CHI-POSTFIRE-CHI1878-021-S01,CHI-POSTFIRE-CHI1878-021,ARCHDICT_THOMAS,supports_record
CHI-POSTFIRE-CHI1878-022-S01,CHI-POSTFIRE-CHI1878-022,ARCHDICT_THOMAS,supports_record
CHI-POSTFIRE-CHI1878-023-S01,CHI-POSTFIRE-CHI1878-023,ARCHDICT_THOMAS,supports_record
CHI-POSTFIRE-CHI1878-024-S01,CHI-POSTFIRE-CHI1878-024,ANDREAS_V3,supports_record
CHI-POSTFIRE-CHI1878-025-S01,CHI-POSTFIRE-CHI1878-025,ANDREAS_V3,supports_record
CHI-POSTFIRE-CHI1878-026-S01,CHI-POSTFIRE-CHI1878-026,ANDREAS_V3,supports_record
CHI-POSTFIRE-CHI1878-027-S01,CHI-POSTFIRE-CHI1878-027,ANDREAS_V3,supports_record
CHI-POSTFIRE-CHI1878-028-S01,CHI-POSTFIRE-CHI1878-028,ANDREAS_V3,supports_record
CHI-POSTFIRE-CHI1879-001-S01,CHI-POSTFIRE-CHI1879-001,LOC_LEITER_HABS,supports_record
CHI-POSTFIRE-CHI1879-001-S02,CHI-POSTFIRE-CHI1879-001,CITY_LEITER,supports_record
CHI-POSTFIRE-CHI1879-001-S03,CHI-POSTFIRE-CHI1879-001,CHICAGOLOGY_LEITER,supports_record
CHI-POSTFIRE-CHI1879-002-S01,CHI-POSTFIRE-CHI1879-002,CHICAGOLOGY_FIELD,supports_record
CHI-POSTFIRE-CHI1879-003-S01,CHI-POSTFIRE-CHI1879-003,CHICAGOLOGY_GOVT,supports_record
CHI-POSTFIRE-CHI1879-003-S02,CHI-POSTFIRE-CHI1879-003,GSA_FEDERAL_CENTER,supports_record
CHI-POSTFIRE-CHI1879-004-S01,CHI-POSTFIRE-CHI1879-004,PICTURESQUE_CHI,supports_record
CHI-POSTFIRE-CHI1879-004-S02,CHI-POSTFIRE-CHI1879-004,CHICAGOLOGY_CENTRAL,supports_record
CHI-POSTFIRE-CHI1879-005-S01,CHI-POSTFIRE-CHI1879-005,CHICAGOLOGY_LAFLIN,supports_record
CHI-POSTFIRE-CHI1879-006-S01,CHI-POSTFIRE-CHI1879-006,CHICAGOLOGY_MCCORMICK,supports_record
CHI-POSTFIRE-CHI1879-007-S01,CHI-POSTFIRE-CHI1879-007,DRIEHAUS_NICKERSON,supports_record
CHI-POSTFIRE-CHI1879-007-S02,CHI-POSTFIRE-CHI1879-007,CITY_NICKERSON,supports_record
CHI-POSTFIRE-CHI1879-007-S03,CHI-POSTFIRE-CHI1879-007,LOC_NICKERSON_HABS,supports_record
CHI-POSTFIRE-CHI1879-008-S01,CHI-POSTFIRE-CHI1879-008,ANDREAS_V3,supports_record
CHI-POSTFIRE-CHI1879-008-S02,CHI-POSTFIRE-CHI1879-008,CPS_OTIS,supports_record
CHI-POSTFIRE-CHI1879-009-S01,CHI-POSTFIRE-CHI1879-009,ANDREAS_V3,supports_record
CHI-POSTFIRE-CHI1879-009-S02,CHI-POSTFIRE-CHI1879-009,CHICAGOLOGY_CCH,supports_record
CHI-POSTFIRE-CHI1879-010-S01,CHI-POSTFIRE-CHI1879-010,ANDREAS_V3,supports_record
CHI-POSTFIRE-CHI1879-010-S02,CHI-POSTFIRE-CHI1879-010,IL_SFM_RAYMOND,supports_record
CHI-POSTFIRE-CHI1879-011-S01,CHI-POSTFIRE-CHI1879-011,ANDREAS_V3,supports_record
CHI-POSTFIRE-CHI1879-012-S01,CHI-POSTFIRE-CHI1879-012,ANDREAS_V3,supports_record
CHI-POSTFIRE-CHI1879-013-S01,CHI-POSTFIRE-CHI1879-013,ANDREAS_V3,supports_record
CHI-POSTFIRE-CHI1879-014-S01,CHI-POSTFIRE-CHI1879-014,ANDREAS_V3,supports_record
CHI-POSTFIRE-CHI1879-015-S01,CHI-POSTFIRE-CHI1879-015,ANDREAS_V3,supports_record
CHI-POSTFIRE-CHI1879-016-S01,CHI-POSTFIRE-CHI1879-016,ANDREAS_V3,supports_record
CHI-POSTFIRE-CHI1879-017-S01,CHI-POSTFIRE-CHI1879-017,ANDREAS_V3,supports_record
CHI-POSTFIRE-CHI1879-018-S01,CHI-POSTFIRE-CHI1879-018,ANDREAS_V3,supports_record
CHI-POSTFIRE-CHI1879-019-S01,CHI-POSTFIRE-CHI1879-019,ANDREAS_V3,supports_record
CHI-POSTFIRE-CHI1879-020-S01,CHI-POSTFIRE-CHI1879-020,ANDREAS_V3,supports_record
CHI-POSTFIRE-CHI1879-020-S02,CHI-POSTFIRE-CHI1879-020,PARISH_NATIVITY,supports_record
CHI-POSTFIRE-CHI1879-021-S01,CHI-POSTFIRE-CHI1879-021,ANDREAS_V3,supports_record
CHI-POSTFIRE-CHI1879-022-S01,CHI-POSTFIRE-CHI1879-022,WBEZ_SIXTH,supports_record
CHI-POSTFIRE-CHI1879-022-S02,CHI-POSTFIRE-CHI1879-022,WTTW_SIXTH,supports_record
CHI-POSTFIRE-CHI1879-023-S01,CHI-POSTFIRE-CHI1879-023,CHICAGOLOGY_OLYMPIC,supports_record
CHI-POSTFIRE-CHI1879-024-S01,CHI-POSTFIRE-CHI1879-024,YMCA_HISTORY,supports_record
CHI-POSTFIRE-CHI1879-025-S01,CHI-POSTFIRE-CHI1879-025,ANDREAS_V3,supports_record
